1641866971.895974,0.000130,0.717331,70.611876,1.460898,207.785427,
1641866972.096085,0.000118,0.803199,65.047904,0.009381,210.062708,
1641866972.296248,0.000231,2.210920,58.174930,0.005357,68.198895,
1641866972.596180,0.000600,5.382531,58.322720,0.022465,69.733532,
1641866972.795985,0.001074,4.400736,57.977264,0.006367,70.323777,
1641866972.996258,0.000646,4.206718,91.288026,0.004300,100.631000,
1641866973.196360,0.000477,2.700332,72.672468,0.006565,82.614773,
1641866973.496056,0.000915,4.638257,82.967126,0.446685,92.729164,
1641866973.696774,0.000548,4.037035,66.269923,0.015940,77.185183,
1641866973.996097,0.000830,5.259568,87.307377,0.399056,97.833630,
1641866974.196573,0.000700,5.293530,86.482928,0.005716,97.258538,
1641866974.396267,0.000516,3.570371,71.837665,0.517096,81.501472,
1641866974.596427,0.000606,4.022661,92.565390,0.012396,101.838541,
1641866974.796135,0.000554,3.130000,72.813560,0.398960,82.460448,
1641866974.996587,0.000830,5.416349,86.290778,0.005449,96.915417,
1641866975.196181,0.000351,2.368336,51.937834,0.570768,62.638194,
1641866975.396288,0.000893,5.077054,107.977197,0.005900,121.405826,
1641866975.596658,0.000643,2.926951,64.904140,0.460682,75.338748,
1641866975.796088,0.000677,4.304043,101.732051,0.010178,112.481628,
1641866975.996782,0.000712,5.098976,86.136906,0.479244,97.712430,
1641866976.196107,0.000497,2.895465,69.057061,0.011737,80.240721,
1641866976.396251,0.000792,4.116041,83.679792,0.475971,94.937956,
1641866976.796138,0.000568,3.823262,80.767478,0.392797,89.725503,
1641866977.096821,0.000506,3.365598,69.229277,0.471198,79.532180,
1641866977.296322,0.000410,2.033569,44.905298,0.005423,54.074056,
1641866977.496339,0.000473,3.219868,83.849792,0.405290,94.242728,
1641866977.696685,0.000544,3.174952,66.696639,0.009534,77.677726,
1641866977.896166,0.000494,2.864360,50.422964,0.395907,59.211910,
1641866978.096651,0.000405,2.146808,47.441844,0.004886,54.145073,
1641866978.296335,0.000598,3.429847,45.580350,0.383291,55.414617,
1641866978.496595,0.000612,3.957231,74.141791,0.415627,85.332871,
1641866978.696289,0.000347,1.932113,42.654414,0.419360,50.364950,
1641866978.996200,0.000619,2.148466,47.838406,0.345585,55.725706,
1641866979.196342,0.000450,1.943583,65.687151,0.414842,72.788798,
1641866979.396824,0.000566,2.290202,77.999047,0.566285,86.974265,
1641866979.596359,0.000338,1.876814,53.569125,0.678926,60.863478,
1641866979.896713,0.000402,2.086496,64.313010,0.462985,74.193134,
1641866980.196852,0.000333,2.065091,77.837466,0.446927,86.783544,
1641866980.396466,0.000479,2.755484,78.821620,0.507626,88.748817,
1641866980.596755,0.000436,2.020285,65.887380,0.557673,73.415285,
1641866980.796400,0.000501,2.046755,89.784650,0.704422,99.282764,
1641866980.996413,0.000467,2.094976,76.342320,0.603337,85.413382,
1641866981.196158,0.000360,2.234885,77.651389,0.456532,86.284216,
1641866981.396429,0.000386,2.080563,73.709996,0.908112,83.890038,
1641866981.596838,0.000371,1.975484,74.522535,1.040037,84.426833,
1641866981.796434,0.000951,3.508216,75.631406,1.219006,86.793612,
1641866981.996372,0.000807,2.248795,54.362258,1.250456,63.828646,
1641866982.196737,0.000478,2.152543,90.096299,1.163187,99.181022,
1641866982.496798,0.000432,2.023126,52.269484,0.802325,60.383726,
1641866982.796545,0.000473,2.085039,49.723005,0.470420,57.603391,
1641866982.996236,0.000469,2.009215,92.892554,0.753079,102.202317,
1641866983.196390,0.000731,3.158577,69.841357,0.594822,80.646313,
1641866983.396326,0.000624,2.161761,74.330736,1.048871,84.207481,
1641866983.596741,0.000330,1.950423,51.882723,0.683158,60.807796,
1641866983.796446,0.001044,2.367557,96.506339,0.670198,106.092508,
1641866983.996109,0.000393,2.175011,63.746943,0.796358,73.098022,
1641866984.196305,0.000397,1.919626,45.380697,0.525884,52.966063,
1641866984.396419,0.000504,2.260763,55.947494,0.833565,66.055292,
1641866984.596574,0.000425,2.209600,61.327281,0.620227,69.217214,
1641866984.796410,0.000376,2.052520,56.937114,1.087355,65.440520,
1641866985.096177,0.000471,2.491621,68.378924,0.919546,81.218948,
1641866985.396704,0.000683,2.416277,69.504223,1.423737,82.008142,
1641866985.596540,0.000404,2.389636,60.136412,0.863524,68.903624,
1641866985.896433,0.000319,1.953022,85.027855,0.731349,96.959123,
1641866986.196309,0.000401,2.469761,94.880071,0.677289,103.926991,
1641866986.396616,0.000346,2.376514,105.277785,0.801916,115.811067,
1641866986.596331,0.000461,2.679275,90.204376,0.665279,99.539945,
1641866986.896259,0.000404,2.018394,81.975238,0.869202,91.834074,
1641866987.096799,0.000406,2.240708,67.539558,0.617322,76.137723,
1641866987.296334,0.000396,2.191902,86.193148,0.866422,94.423975,
1641866987.496699,0.000562,2.333330,54.796567,0.625350,62.953037,
1641866987.696553,0.000794,2.564514,54.987940,0.789998,64.535182,
1641866987.896377,0.000369,2.085025,74.147500,0.751330,84.441734,
1641866988.095942,0.000403,1.934000,55.527989,0.608867,63.231635,
1641866988.296100,0.000276,2.524334,74.953230,0.967702,85.474520,
1641866988.496574,0.000479,1.740685,62.811621,0.623329,71.490793,
1641866988.696358,0.000383,1.968111,52.702637,0.582077,60.680980,
1641866988.996824,0.000396,1.845573,67.809729,0.691992,77.561675,
1641866989.196427,0.000404,2.344802,71.834635,0.512046,80.420390,
1641866989.396715,0.000403,2.203394,98.003334,0.953665,107.171063,
1641866989.596432,0.000343,2.101285,67.640502,0.615842,75.748787,
1641866989.896072,0.000431,2.872919,75.607529,0.896551,86.895019,
1641866990.096285,0.000367,2.225753,66.699526,1.616811,76.308180,
1641866990.296208,0.000700,2.436162,87.140933,0.998580,98.352157,
1641866990.496412,0.000574,2.756994,68.551119,1.482719,80.167605,
1641866990.696918,0.000357,2.112587,60.340274,1.172509,71.694262,
1641866990.896238,0.000443,2.147376,75.295951,0.723002,83.991218,
1641866991.096716,0.000298,1.991115,71.238970,1.333279,81.355412,
1641866991.296307,0.000395,2.053289,113.494111,1.296369,123.302230,
1641866991.496679,0.000384,2.172734,78.972619,0.876900,87.998368,
1641866991.696420,0.000472,2.457144,71.331244,0.840232,81.504218,
1641866991.896719,0.000889,2.854363,86.536762,1.330688,96.308465,
1641866992.096608,0.000631,3.074833,78.668487,0.999908,90.065952,
1641866992.296799,0.000689,2.859300,139.564277,0.884118,148.184868,
1641866992.496474,0.000595,2.603138,94.388227,1.056032,103.491420,
1641866992.896745,0.000291,1.886803,119.961239,0.563981,132.313691,
1641866993.096993,0.000337,2.123392,107.970791,1.041577,117.179157,
1641866993.296560,0.000548,2.424593,90.575535,0.895577,100.856839,
1641866993.496669,0.000449,2.161021,97.542699,1.244587,106.584011,
1641866993.696374,0.000340,2.152309,83.243393,1.615085,92.763577,
1641866994.097125,0.000399,2.077252,115.713525,0.622091,123.984344,
1641866994.296589,0.000341,2.160577,87.637301,1.164751,98.460662,
1641866994.496545,0.000444,2.174940,98.985278,0.720032,108.235743,
1641866994.696527,0.000554,2.084462,106.667062,0.674085,114.720433,
1641866994.896921,0.000400,2.696427,108.625552,2.069551,119.075767,
1641866995.096365,0.000394,2.148317,85.259076,0.828857,93.660128,
1641866995.296437,0.000333,2.102944,83.922441,0.941599,98.108125,
1641866995.496762,0.000433,2.637789,80.474048,0.654960,91.482151,
1641866995.696263,0.000442,2.835041,80.421708,0.923631,90.401339,
1641866995.896630,0.000476,2.041012,84.434844,0.587591,92.387030,
1641866996.096340,0.000445,2.055376,73.615414,1.005327,81.939774,
1641866996.296525,0.000832,4.065688,89.551556,0.005640,99.542912,
1641866996.496587,0.000352,2.341295,104.161509,1.650255,115.563907,
1641866996.796375,0.000329,2.024688,133.507486,1.693350,144.211716,
1641866997.097124,0.000462,2.081618,109.795653,1.323011,121.333176,
1641866997.296608,0.000367,2.356221,133.847542,0.010342,142.299392,
1641866997.597019,0.000322,2.045518,139.190531,0.802391,149.503880,
1641866997.796511,0.000499,3.265682,128.840547,0.008190,137.718924,
1641866997.996505,0.000345,2.195209,180.071023,0.966327,190.688191,
1641866998.197094,0.000476,2.391999,219.352504,0.014578,230.325398,
1641866998.396549,0.000394,2.528795,116.364179,0.581181,126.176264,
1641866998.596636,0.000381,2.636323,128.043838,0.006755,136.210893,
1641866998.797008,0.000292,2.434935,133.246194,1.396316,143.411182,
1641866998.996549,0.000478,2.688602,124.992749,0.006432,135.423685,
1641866999.196485,0.000604,3.442606,99.602971,0.960662,109.570988,
1641866999.696227,0.000679,3.116196,107.168717,0.777667,118.231018,
1641866999.896662,0.000336,2.242187,111.933890,0.008828,120.170607,
1641867000.096731,0.000408,2.789830,106.847866,0.850486,118.463352,
1641867000.296617,0.000629,2.511902,162.849308,0.006411,172.092882,
1641867000.496945,0.000571,2.582518,169.454700,0.550975,181.308493,
1641867000.697282,0.000675,2.549486,187.350832,0.005382,197.064167,
1641867000.896731,0.000730,3.080707,146.144525,0.571938,155.840562,
1641867001.196503,0.000375,2.037259,103.611967,0.007376,112.239608,
1641867001.397153,0.000462,2.335952,99.965216,0.864809,110.081225,
1641867001.596778,0.000361,2.213509,139.301841,0.014266,148.400060,
1641867001.997030,0.000315,1.857548,142.073417,0.825727,151.536714,
1641867002.196623,0.000498,2.136508,86.381466,0.007021,98.039549,
1641867002.396483,0.000523,2.486009,138.006226,0.711282,146.299997,
1641867002.697167,0.000395,1.984714,98.111955,0.005389,106.293107,
1641867002.896718,0.000390,1.934745,74.769061,0.804896,84.132191,
1641867003.096790,0.000331,2.149345,84.427825,0.008606,93.704425,
1641867003.297024,0.000329,2.416675,75.616240,0.673202,84.431742,
1641867003.496847,0.000373,2.053813,57.725107,0.008950,65.283137,
1641867003.697151,0.000609,1.888063,82.079460,0.588671,90.343459,
1641867003.896759,0.000893,2.939472,107.049122,0.016520,117.366809,
1641867004.097136,0.000440,1.981141,84.631096,0.579612,92.813755,
1641867004.296798,0.000351,2.019652,80.320901,0.009647,89.004976,
1641867004.496666,0.000351,1.866664,95.123616,0.872808,103.000174,
1641867004.696836,0.000533,1.938822,81.964898,0.006315,91.321559,
1641867004.897349,0.000365,2.247384,117.410971,1.352608,127.487676,
1641867005.096720,0.000373,2.221933,106.952592,0.005658,115.146929,
1641867005.296987,0.000361,2.154107,80.484776,1.253584,92.321987,
1641867005.496809,0.000463,2.297792,121.916967,0.004649,129.863973,
1641867005.697018,0.000382,2.166164,114.061454,0.842253,121.830902,
1641867005.896614,0.000335,2.307407,120.765811,0.009147,128.772475,
1641867006.096911,0.000354,2.162576,139.217882,0.564504,149.796526,
1641867006.297147,0.000357,2.487188,143.937143,0.006588,151.993699,
1641867006.497421,0.000648,4.696205,118.302441,0.609314,128.878911,
1641867006.697098,0.000403,2.370847,139.039371,0.006800,147.936856,
1641867006.896903,0.000772,2.528403,92.601440,0.800105,102.123112,
1641867007.097076,0.000667,3.493610,121.126744,0.005338,131.504979,
1641867007.296652,0.000366,2.368971,112.101191,0.919036,122.408890,
1641867007.496839,0.001486,3.455172,110.792149,0.011495,122.648602,
1641867007.696693,0.000378,2.822459,122.368883,0.630717,133.270816,
1641867007.896998,0.000449,2.285038,124.621323,0.004611,132.851632,
1641867008.097190,0.000364,2.560150,137.038720,1.253306,146.852351,
1641867008.296720,0.000398,2.861120,137.700598,0.009901,146.883600,
1641867008.496857,0.000397,2.330369,144.776955,0.575867,155.500546,
1641867008.796746,0.000345,2.244562,145.926719,0.010400,153.331778,
1641867008.996517,0.000518,3.364156,131.772673,0.837469,141.677197,
1641867009.196793,0.000398,3.431505,187.464674,0.012855,198.242538,
1641867009.496554,0.000321,2.357101,223.130407,0.560516,233.259491,
1641867009.696686,0.000351,2.470248,228.398893,0.011735,237.464495,
1641867009.896477,0.000550,2.787585,195.755547,0.860905,204.082380,
1641867010.097078,0.000304,2.466772,175.103887,0.009697,184.012763,
1641867010.296544,0.000374,2.755946,219.654665,0.682812,228.304097,
1641867010.496727,0.000536,2.560426,227.408523,0.007452,235.657962,
1641867010.796865,0.000275,2.507972,224.146862,0.734426,233.735039,
1641867010.996791,0.000476,2.837898,194.396059,0.005214,204.888716,
1641867011.196549,0.000274,2.627549,274.043607,0.993395,284.147508,
1641867011.496845,0.000485,2.405458,246.807017,0.006705,255.013508,
1641867011.796573,0.000774,3.141883,190.283852,0.898062,199.888775,
1641867011.996944,0.000306,2.571232,134.378583,0.015317,144.805990,
1641867012.196614,0.000418,2.375530,136.885749,0.639848,145.703488,
1641867012.396889,0.000481,2.527382,244.491995,0.012035,253.785990,
1641867012.696753,0.001260,9.994506,206.242301,0.550453,222.822887,
1641867012.896986,0.000693,2.758932,246.956348,0.007305,257.382128,
1641867013.196946,0.000488,2.409147,330.176937,0.544620,338.900932,
1641867013.497345,0.000232,2.524271,262.296990,0.005249,271.132327,
1641867013.797035,0.000431,2.727589,228.142127,0.522416,236.850367,
1641867013.997226,0.000482,2.548646,232.832701,0.006029,240.524078,
1641867014.197278,0.000236,2.895685,256.000796,0.614986,265.075158,
1641867014.497046,0.000320,2.662899,165.362132,0.005594,177.667671,
1641867014.797479,0.000548,2.737907,185.826517,0.839322,196.001853,
1641867014.996899,0.000972,2.830736,189.642818,0.005313,201.148141,
1641867015.196793,0.000353,2.540307,138.594305,0.783411,148.472083,
1641867015.397047,0.000357,3.089213,160.573542,0.011976,169.668139,
1641867015.697392,0.001292,3.618121,118.550031,0.538705,128.331844,
1641867015.896900,0.000398,2.433098,167.274458,0.004596,175.498193,
1641867016.096678,0.000334,2.376254,157.607157,0.953475,167.998928,
1641867016.296924,0.000343,2.366468,142.874087,0.009570,150.251636,
1641867016.597437,0.000332,2.199003,140.623662,0.852936,149.823388,
1641867016.796921,0.000654,2.592075,141.459643,0.008640,150.036008,
1641867016.997403,0.000406,2.313903,151.614892,0.562578,162.229461,
1641867017.197177,0.000622,2.445876,150.758656,0.013807,159.025448,
1641867017.396917,0.000479,2.718482,171.510757,0.533516,180.236371,
1641867017.597203,0.000366,2.431215,160.370062,0.004888,168.470401,
1641867017.796923,0.000553,2.284164,123.867527,0.956165,132.386791,
1641867017.997055,0.000569,3.299908,171.105134,0.010676,182.710133,
1641867018.197108,0.000938,2.677587,120.939004,0.753861,132.176760,
1641867018.397087,0.001202,6.858788,159.180797,0.005511,175.061932,
1641867018.597341,0.000527,2.598525,102.506798,0.987559,113.950172,
1641867018.796933,0.000618,2.693086,125.865716,0.007655,135.535079,
1641867018.997462,0.000465,2.739022,110.584562,1.032144,119.407339,
1641867019.197133,0.000405,2.479242,130.108003,0.006078,138.345787,
1641867019.496853,0.000736,3.384759,78.692788,1.236860,89.598589,
1641867019.797226,0.000328,2.450639,194.477386,0.010111,206.094673,
1641867019.996873,0.000358,2.860029,164.175608,0.737972,173.902913,
1641867020.197153,0.000468,2.400710,156.658049,0.007704,167.494906,
1641867020.397103,0.000441,2.361087,150.134458,0.832448,161.300863,
1641867020.597176,0.000388,2.408597,126.258902,0.006699,136.310115,
1641867020.797372,0.000341,2.312218,132.173696,0.825518,142.835170,
1641867020.996830,0.000337,2.283403,151.620908,0.005293,159.876032,
1641867021.197235,0.000331,2.879239,89.793733,0.665357,99.548139,
1641867021.397173,0.001164,3.669740,97.010309,0.008776,108.176816,
1641867021.597507,0.000361,2.386226,162.945760,0.532048,171.093552,
1641867021.797010,0.000668,2.161493,156.329983,0.006316,165.692793,
1641867022.097148,0.000373,2.623529,88.562227,0.809920,97.214230,
1641867022.396876,0.000310,1.874576,156.959753,0.005890,165.476505,
1641867022.697031,0.000404,2.308295,184.794398,0.702334,196.538160,
1641867022.897096,0.000475,2.500472,126.197983,0.007810,134.377503,
1641867023.297059,0.000427,2.834392,197.371671,0.865096,208.242927,
1641867023.497208,0.000420,2.266110,165.633028,0.007760,176.848094,
1641867023.696922,0.000697,2.493768,107.833824,0.523557,115.974459,
1641867023.996758,0.000384,1.955937,141.979512,0.010073,150.888648,
1641867024.197059,0.000408,2.156409,152.368723,0.601617,160.570627,
1641867024.497389,0.000357,2.119255,119.296700,0.005278,129.438724,
1641867024.696942,0.000391,2.141946,130.095860,0.537288,138.117244,
1641867025.096901,0.000358,2.444236,102.802356,0.599042,112.679180,
1641867025.397353,0.000607,2.056924,141.505013,0.007630,151.769537,
1641867025.596997,0.000359,2.212996,111.989310,0.616662,121.715017,
1641867025.796888,0.000447,2.783714,125.633654,0.007156,135.854817,
1641867025.997127,0.000430,2.104415,96.102560,1.266293,104.923189,
1641867026.196882,0.000337,2.057590,248.825750,0.008340,257.215458,
1641867026.397267,0.000453,2.130949,93.066871,0.516771,102.785638,
1641867026.597082,0.000423,2.050042,117.758483,0.005614,125.764215,
1641867026.796854,0.000373,2.181697,101.795959,0.847314,112.310472,
1641867026.997102,0.000532,2.109375,83.880378,0.009732,94.029741,
1641867027.296796,0.000534,2.212059,132.096508,0.572525,141.094961,
1641867027.497160,0.000333,1.954052,114.989275,0.005178,122.610208,
1641867027.696924,0.000346,2.004500,79.162123,1.198823,88.469586,
1641867027.896896,0.000316,1.846108,84.810698,0.007256,95.155454,
1641867028.097168,0.000333,1.962069,92.786144,0.639229,100.924008,
1641867028.296893,0.000636,2.081915,74.273433,0.008351,81.530351,
1641867028.497101,0.000983,2.190422,83.132842,0.522996,94.267334,
1641867028.697629,0.000422,2.155409,70.665404,0.011059,80.153307,
1641867028.996859,0.000411,1.871201,106.805367,0.695374,116.772489,
1641867029.197137,0.000359,2.081969,87.831457,0.011300,96.197890,
1641867029.396833,0.000331,1.857421,94.509541,0.789005,103.675047,
1641867029.597313,0.000435,2.418059,95.430748,0.008855,105.244713,
1641867029.797053,0.000353,2.168163,94.506774,0.685085,102.455323,
1641867029.996858,0.000349,1.953428,92.277221,0.006773,102.874966,
1641867030.197115,0.000436,2.547534,78.779871,0.707829,89.732457,
1641867030.497519,0.000331,1.863594,93.685893,1.134830,103.176058,
1641867030.697231,0.000526,1.982279,74.030609,0.005865,81.738901,
1641867030.996992,0.000806,2.594287,162.676897,0.628275,171.479585,
1641867031.197452,0.000368,2.039089,248.526209,0.005456,255.798664,
1641867031.397029,0.000581,2.736206,87.858430,0.656970,96.247918,
1641867031.897017,0.000290,1.557534,75.936349,0.811337,83.861883,
1641867032.297056,0.000729,2.303768,105.607172,0.795679,114.491348,
1641867032.497373,0.000449,2.119584,95.810855,0.008421,104.089933,
1641867032.696864,0.000391,1.976719,77.317953,0.699960,86.576230,
1641867032.897047,0.001210,2.555515,116.864244,0.008078,124.799633,
1641867033.097030,0.000359,2.406892,79.147022,0.557369,89.196139,
1641867033.297163,0.000427,2.022381,79.767752,0.007137,88.190930,
1641867033.497502,0.000470,1.886980,107.113881,0.576871,114.497051,
1641867033.697068,0.000490,2.005692,81.074227,0.005100,89.404692,
1641867033.897102,0.000795,2.113284,78.944353,0.696303,88.489812,
1641867034.197004,0.000601,2.095882,63.757345,0.903874,71.457453,
1641867034.396888,0.000353,1.945386,82.975431,0.006583,92.691951,
1641867034.597333,0.000369,1.954789,72.189981,0.656110,80.000990,
1641867034.797428,0.000518,2.279053,92.234532,0.011147,102.241320,
1641867034.997055,0.000408,2.117316,79.901576,0.745043,90.090725,
1641867035.197090,0.000429,2.022442,87.898458,0.006216,96.793629,
1641867035.397051,0.000322,1.904338,101.071787,0.669749,108.775956,
1641867035.597383,0.000393,1.984964,116.124678,0.005833,123.690141,
1641867035.797037,0.001074,2.201934,90.162962,0.752083,102.010927,
1641867035.997142,0.000395,2.195900,113.979267,0.007352,121.639199,
1641867036.197694,0.000335,2.007707,68.260865,0.596761,75.993400,
1641867036.397220,0.000334,1.887156,62.139908,0.005637,69.912690,
1641867036.597817,0.000323,1.871184,76.880945,0.565374,84.448344,
1641867036.797357,0.000393,1.880204,88.700206,0.011262,100.333207,
1641867036.997321,0.000377,2.026157,128.940343,0.551156,136.741552,
1641867037.197834,0.000337,2.058336,111.590327,0.005868,119.451216,
1641867037.397641,0.000378,2.112698,113.854224,0.765652,122.183811,
1641867037.597228,0.000333,2.170251,105.322207,0.004773,113.405350,
1641867037.797828,0.000537,3.494650,108.361134,0.857479,119.559226,
1641867037.997345,0.000377,2.304813,133.960802,0.007209,143.580384,
1641867038.197335,0.000425,2.157182,154.080638,0.663623,162.773860,
1641867038.397911,0.001377,2.546093,135.095881,0.006824,143.537867,
1641867038.697433,0.000356,2.332742,122.805877,1.034899,131.179935,
1641867038.897895,0.000515,2.399980,110.821353,0.005649,118.792793,
1641867039.097204,0.000386,2.028793,157.026749,0.999972,165.276427,
1641867039.297230,0.000533,2.168554,160.597527,0.006720,168.827878,
1641867039.497008,0.000358,2.236831,116.607875,1.021477,124.907324,
1641867039.697167,0.000405,2.166963,154.907628,0.007671,165.224537,
1641867039.897474,0.000382,2.192658,101.867275,0.720642,111.555095,
1641867040.097081,0.000721,2.578067,140.657362,0.006359,149.349570,
1641867040.297121,0.000324,2.795512,137.921586,1.487190,149.577162,
1641867040.497191,0.000493,2.697848,131.899143,0.009168,139.843305,
1641867040.696946,0.000380,2.460488,138.678464,1.086627,147.559451,
1641867040.897319,0.000955,5.903220,169.049440,0.007529,181.226446,
1641867041.097032,0.000314,2.665173,139.717195,1.113240,148.089584,
1641867041.297183,0.000449,2.191875,148.059379,0.008672,156.288632,
1641867041.497668,0.000337,2.290587,172.053014,0.007342,182.836279,
1641867041.697141,0.000783,2.510750,191.420412,2.406526,202.279034,
1641867041.897399,0.000254,2.239449,184.370364,0.006109,195.527453,
1641867042.097273,0.000554,2.236149,187.204320,0.012384,196.110057,
1641867042.297158,0.000470,2.535199,176.977574,0.933106,186.477174,
1641867042.497511,0.000335,2.779567,173.386926,0.005600,184.597577,
1641867042.697223,0.000696,2.203184,169.807827,0.008096,179.756015,
1641867042.996994,0.000485,3.490083,262.560707,1.249468,274.633153,
1641867043.197482,0.000347,2.207000,174.183903,0.005364,182.126546,
1641867043.397033,0.000713,2.646863,170.191368,0.005978,180.994792,
1641867043.597215,0.000322,2.245240,143.649878,1.276417,152.225985,
1641867043.897157,0.001143,3.947979,203.450061,0.006042,213.410467,
1641867044.097444,0.000296,2.349351,232.289236,0.004788,240.426396,
1641867044.297081,0.000304,2.439254,199.641821,1.306953,208.257626,
1641867044.497230,0.000288,2.415662,147.004624,0.004912,156.122620,
1641867044.897313,0.000355,2.153525,224.031256,0.007831,233.989246,
1641867045.197867,0.000395,2.276949,195.816008,1.005776,205.268981,
1641867045.397481,0.000375,2.507655,174.151759,0.010524,182.053969,
1641867045.597842,0.000734,2.335388,175.279815,0.005440,184.430673,
1641867045.997101,0.000343,1.842646,229.786102,0.648549,237.949571,
1641867046.297492,0.000407,2.166025,163.534742,0.008960,170.917686,
1641867046.497332,0.001125,2.554154,224.412332,0.007631,232.635959,
1641867046.697561,0.000403,2.159725,218.895828,0.693571,227.144903,
1641867046.897352,0.000371,2.197491,224.019084,0.008970,233.648369,
1641867047.196947,0.000634,2.343494,239.626176,0.012277,247.389433,
1641867047.397220,0.000230,2.318279,294.704354,0.016485,302.452575,
1641867047.697712,0.000239,2.305748,146.118492,0.925340,157.622518,
1641867047.897220,0.000397,2.237167,132.140713,0.010293,140.574679,
1641867048.097635,0.000412,2.155068,154.602196,0.007172,162.966188,
1641867048.297177,0.000357,2.114543,160.022201,0.009974,167.589809,
1641867048.497429,0.000317,2.166262,172.393214,0.935210,183.441659,
1641867048.697071,0.000324,2.086272,182.361184,0.008046,191.439609,
1641867048.897266,0.000367,2.058436,195.854031,0.005156,204.262616,
1641867049.097854,0.000456,2.222224,283.170401,0.009401,291.545508,
1641867049.297211,0.000306,2.188119,327.872703,1.039650,335.975498,
1641867049.697037,0.000430,2.268925,262.859383,0.009213,271.614529,
1641867049.997783,0.000357,2.184162,257.215250,0.989183,267.620837,
1641867050.197329,0.000585,2.193827,193.984803,0.006050,205.292801,
1641867050.397657,0.000302,2.177504,196.741613,0.008875,205.857184,
1641867050.597599,0.001360,3.542729,236.452219,0.006357,245.784436,
1641867050.897593,0.000219,2.268624,216.615392,0.796594,227.251146,
1641867051.097582,0.000297,2.157597,229.543939,0.005082,239.319744,
1641867051.297595,0.000263,3.382449,181.947227,0.014166,194.505382,
1641867051.497649,0.000223,2.145894,208.245780,0.010385,216.701157,
1641867051.797475,0.000297,2.230154,222.946256,0.933729,231.573297,
1641867051.997812,0.000661,2.730893,191.007064,0.005677,200.597930,
1641867052.297579,0.000437,2.175368,176.383259,0.005100,186.085838,
1641867052.497693,0.000362,2.168481,231.652745,1.029045,240.821138,
1641867052.697420,0.000384,2.526702,182.630599,0.009107,192.966243,
1641867052.897523,0.000310,2.188859,149.435782,0.007821,159.900877,
1641867053.097362,0.000402,2.307777,174.771853,0.005949,184.811146,
1641867053.297977,0.000441,2.318126,208.864756,0.840789,217.696850,
1641867053.497441,0.000315,2.217828,202.362230,0.006797,213.052220,
1641867053.697660,0.000333,2.187438,164.868489,0.005651,173.223731,
1641867054.097480,0.000300,1.824811,161.922315,0.687197,169.748749,
1641867054.297348,0.000426,2.206309,186.262824,0.013129,198.417010,
1641867054.497539,0.000375,2.344144,146.348840,0.005812,156.462928,
1641867054.797285,0.000839,2.560542,140.368579,0.628093,148.725533,
1641867054.997420,0.000322,2.148187,144.589968,0.006125,152.720486,
1641867055.297361,0.000322,1.890970,173.279018,0.006328,181.996475,
1641867055.497777,0.000357,2.122841,196.222107,0.913262,205.188709,
1641867055.697311,0.000345,2.175519,156.919917,0.004951,164.552880,
1641867055.897553,0.000319,2.185109,158.719221,0.008217,167.042552,
1641867056.097097,0.000544,2.094323,130.772939,0.005995,138.946423,
1641867056.297383,0.000323,2.222342,186.147248,0.906576,196.815419,
1641867056.497490,0.000479,2.290908,160.035078,0.005642,168.173736,
1641867056.797783,0.000389,2.641423,148.126596,0.005845,156.770049,
1641867056.997290,0.000395,2.229690,162.148529,0.690282,170.395495,
1641867057.197442,0.000357,2.160336,177.689959,0.007039,187.906806,
1641867057.497420,0.000411,2.185336,149.454513,0.010120,159.537376,
1641867057.697636,0.000338,2.193283,125.470316,0.930714,134.514230,
1641867057.897298,0.000368,3.205169,161.484295,0.005721,170.741313,
1641867058.097672,0.000363,2.221728,135.284755,0.009191,145.772731,
1641867058.497542,0.000562,2.335284,149.999667,1.347733,158.657485,
1641867058.698025,0.000376,2.171674,135.730710,0.006510,143.284796,
1641867058.897516,0.000515,2.174640,147.993568,0.005092,157.403117,
1641867059.097744,0.001027,7.487775,199.582460,0.007047,213.196284,
1641867059.297187,0.000234,2.134427,142.789243,0.754517,151.862449,
1641867059.497489,0.000744,2.597570,155.020726,0.006986,163.634458,
1641867059.697941,0.000399,2.183431,154.410577,0.007884,164.004110,
1641867059.897546,0.000351,2.238480,143.611688,0.005468,151.612458,
1641867060.097499,0.000810,5.962984,153.014825,1.100338,167.595047,
1641867060.297863,0.000412,3.166859,163.026064,0.009158,174.440269,
1641867060.497398,0.000388,2.165560,155.282938,0.018485,163.392010,
1641867060.697828,0.000386,2.229246,152.673541,0.009222,160.404233,
1641867060.897510,0.000370,2.440370,149.161173,1.018881,160.149737,
1641867061.097696,0.000558,2.089236,141.707467,0.009227,151.489531,
1641867061.297279,0.000404,2.175578,153.011052,0.010758,160.685349,
1641867061.497629,0.000423,2.191579,147.012731,0.015048,154.736351,
1641867061.697646,0.000338,2.145126,127.908451,0.610613,136.222679,
1641867061.897812,0.000406,2.132340,143.941391,0.004766,151.025567,
1641867062.097475,0.000516,2.315011,124.122409,0.005015,131.834337,
1641867062.297466,0.000365,2.065800,144.200677,0.009049,152.517070,
1641867062.497785,0.000381,3.089680,123.263275,0.573278,131.977978,
1641867062.697502,0.000378,2.188284,126.330153,0.011825,135.017186,
1641867062.897957,0.000427,2.183054,124.404514,0.007123,133.008060,
1641867063.097438,0.000391,2.136498,155.327235,0.005372,163.587175,
1641867063.297895,0.000379,2.250240,131.616801,0.823143,140.404017,
1641867063.497443,0.000339,2.192403,146.574203,0.005109,154.537903,
1641867063.697494,0.000633,2.098503,163.581436,0.015031,171.772841,
1641867063.897360,0.000369,2.153637,167.499926,0.006984,177.442174,
1641867064.197991,0.000393,2.622764,162.316673,1.272683,172.583180,
1641867064.397511,0.000401,2.275484,159.524675,0.012361,167.401311,
1641867064.597720,0.000378,2.195910,130.391144,0.005970,139.602791,
1641867064.797912,0.000359,2.149672,161.427072,0.007468,169.238942,
1641867064.997586,0.000486,2.269439,151.669121,0.873463,159.748811,
1641867065.197361,0.000795,2.401447,204.107157,0.005417,215.961437,
1641867065.397533,0.000261,2.250435,208.194457,0.005790,217.668128,
1641867065.597763,0.000824,2.422940,197.964120,0.006777,205.997547,
1641867065.798024,0.000471,2.518140,157.757623,0.630909,166.068946,
1641867066.097812,0.000645,4.025900,153.570761,0.012769,163.405464,
1641867066.297559,0.000556,2.603663,184.453862,0.009403,196.796562,
1641867066.497739,0.000459,2.312515,143.822285,1.038548,153.517252,
1641867066.697423,0.000431,2.418762,168.454645,0.006335,176.333923,
1641867066.897577,0.000406,2.192087,144.987123,0.008019,154.928518,
1641867067.097389,0.000383,2.160903,119.029738,0.008966,127.038912,
1641867067.297837,0.000872,2.365005,152.450195,1.088739,163.041835,
1641867067.497664,0.000503,2.208342,159.351758,0.005795,167.599639,
1641867067.697830,0.000477,2.303761,126.421107,0.012495,135.051824,
1641867067.897685,0.000385,2.221510,146.671706,0.840809,154.866113,
1641867068.097499,0.000468,2.353045,187.931734,0.016126,197.556557,
1641867068.297680,0.000612,2.266307,137.415161,0.006849,147.121867,
1641867068.497642,0.000366,2.193956,142.960877,0.599897,150.960518,
1641867068.697865,0.000402,2.246385,159.049953,0.018334,168.142859,
1641867068.897547,0.000448,2.348274,154.927428,0.007491,163.322701,
1641867069.097960,0.000354,2.168114,158.856144,1.041306,167.279471,
1641867069.297586,0.000597,2.191954,173.908582,0.012019,182.335764,
1641867069.497618,0.000425,2.202116,139.013334,0.006783,148.013863,
1641867069.697720,0.000368,2.212019,175.839783,0.759042,183.836108,
1641867069.898073,0.000588,2.286288,138.245067,0.006369,146.647331,
1641867070.097615,0.000499,2.168406,162.696789,0.008754,171.839442,
1641867070.297666,0.000427,2.204945,128.128822,1.352077,136.677433,
1641867070.497813,0.000307,2.196292,126.589829,0.005753,134.569214,
1641867070.697777,0.000517,2.266854,136.329692,0.008526,146.516194,
1641867070.897894,0.000562,2.393437,170.085183,0.870793,180.167706,
1641867071.097561,0.000910,2.745846,148.980533,0.005905,157.729692,
1641867071.397590,0.000824,2.710337,146.584439,0.624034,157.233520,
1641867071.597908,0.000363,2.810009,162.524541,0.007391,170.890869,
1641867071.797801,0.000368,2.142064,147.602410,0.015427,157.338559,
1641867071.998036,0.000345,2.206359,193.918788,0.825979,202.084441,
1641867072.297679,0.000506,2.314316,192.741667,0.009577,202.297932,
1641867072.497702,0.000454,2.493281,197.186005,0.848255,208.053344,
1641867072.698000,0.000336,2.403074,135.394238,0.008202,143.719345,
1641867072.897533,0.000434,2.327370,226.045363,0.006536,234.204995,
1641867073.098261,0.000383,2.391453,127.566013,0.883380,136.262705,
1641867073.297756,0.000402,2.194358,198.869789,0.005558,207.964024,
1641867073.597649,0.000570,3.141793,134.144777,0.959843,145.896839,
1641867073.797854,0.000351,2.257516,128.219499,0.007323,136.605865,
1641867073.997795,0.000317,2.177595,182.584933,0.015625,191.468118,
1641867074.197913,0.000369,2.316021,134.188266,1.293474,142.995976,
1641867074.397722,0.000340,2.330271,160.078511,0.005790,168.346582,
1641867074.597690,0.000365,2.291373,142.834243,0.004805,151.919875,
1641867074.798098,0.000380,2.215106,152.907566,1.067476,163.044094,
1641867074.997673,0.000368,2.293288,186.053884,0.006591,197.261657,
1641867075.198023,0.000757,2.263205,184.616230,0.008152,196.618524,
1641867075.397533,0.000390,2.409171,184.521366,1.290263,195.847937,
1641867075.597953,0.000271,2.327871,168.744181,0.008295,179.673237,
1641867075.797594,0.000424,2.281836,149.090363,0.007665,158.505648,
1641867075.997654,0.000333,2.371431,152.969155,1.222037,164.306244,
1641867076.197592,0.000358,2.296373,175.496296,0.005154,183.892133,
1641867076.397808,0.000358,2.318669,180.003070,0.005963,188.212790,
1641867076.598283,0.000455,2.347214,136.498300,0.974309,146.692152,
1641867076.797789,0.000629,2.297460,239.290598,0.006113,250.256292,
1641867076.997934,0.000395,2.320937,188.172269,0.009025,198.909712,
1641867077.197623,0.000283,2.701436,209.785464,0.935832,219.379779,
1641867077.398017,0.000567,2.478137,214.757023,0.007989,223.835877,
1641867077.597918,0.000487,2.640936,240.529978,0.005480,250.002438,
1641867077.898112,0.000759,2.702699,171.726592,1.047151,180.741898,
1641867078.097490,0.000422,4.053628,224.739423,0.004814,236.338131,
1641867078.297731,0.000462,2.437566,231.475237,0.009334,241.216083,
1641867078.498354,0.000334,2.446825,259.811805,1.086040,268.815125,
1641867078.797768,0.000488,2.488038,249.309380,0.005500,258.009770,
1641867079.098136,0.000401,2.726564,315.273244,1.557951,326.805776,
1641867079.397762,0.000554,2.723994,309.342436,0.008315,322.508016,
1641867079.698479,0.000703,2.547958,296.122092,0.705333,306.252813,
1641867079.998115,0.000274,2.574995,200.004407,0.008125,210.217391,
1641867080.198025,0.000471,2.609937,204.963074,0.974142,215.398948,
1641867080.497877,0.000464,3.082305,400.093209,0.010261,408.788638,
1641867080.898025,0.000293,2.720550,248.138317,0.657569,258.922149,
1641867081.097722,0.000287,2.741886,259.524340,0.008920,268.277134,
1641867081.398023,0.000305,2.565246,259.645601,1.631293,270.146169,
1641867081.697821,0.000326,2.803977,323.469961,0.006474,334.346262,
1641867081.997711,0.000319,2.486927,293.271981,1.339609,302.400848,
1641867082.297925,0.000322,2.790148,275.722235,0.009802,284.845781,
1641867082.597701,0.000286,2.600323,248.735242,1.085222,260.037409,
1641867082.898050,0.000274,2.715102,193.310546,0.011098,204.469592,
1641867083.097885,0.000290,2.669953,226.780069,0.899154,235.765119,
1641867083.298327,0.000334,2.620465,295.981980,0.005783,305.587997,
1641867083.597882,0.000559,2.776808,182.615179,1.773838,192.424653,
1641867083.898000,0.000595,2.273764,236.731124,0.008285,245.975570,
1641867084.198371,0.000421,2.224783,209.774215,1.158140,218.932267,
1641867084.397817,0.000658,2.724415,229.612748,0.007713,237.872426,
1641867084.598314,0.000375,2.450933,231.892052,0.007456,242.318665,
1641867084.797915,0.000490,2.818634,269.367646,1.580884,280.016373,
1641867085.098068,0.000819,2.659658,348.307673,0.006066,377.917975,
1641867085.497786,0.000277,2.214526,242.245565,0.764115,253.509067,
1641867085.798219,0.000239,2.543145,252.803923,0.005946,264.114278,
1641867085.997820,0.001491,2.925037,251.258548,1.049905,264.069285,
1641867086.297838,0.000396,2.685100,329.430456,0.011408,337.889184,
1641867086.597945,0.000295,2.461206,404.506286,1.093311,414.304608,
1641867086.997920,0.000386,2.584461,351.977556,0.006336,364.042633,
1641867087.397874,0.000314,2.458762,135.415663,0.683070,146.585292,
1641867087.598300,0.000334,2.585578,213.475931,0.020752,221.814535,
1641867087.797813,0.000309,2.638780,330.327188,0.010301,338.591978,
1641867088.098234,0.000830,2.927972,233.710265,1.288736,244.136334,
1641867088.398335,0.000445,2.528682,237.573275,0.009501,246.485110,
1641867088.598622,0.000212,2.590955,250.111299,0.006000,257.904628,
1641867088.798159,0.000431,2.756195,325.687628,1.126682,337.243740,
1641867089.197859,0.000455,2.454795,278.188887,0.010141,286.338834,
1641867089.498042,0.000267,2.530845,299.288849,1.032203,307.855739,
1641867089.798273,0.000334,2.590554,426.248801,0.005409,437.953257,
1641867090.198203,0.000389,4.235723,293.791271,0.600601,304.124251,
1641867090.497936,0.000273,2.710543,304.857004,0.005384,314.923503,
1641867090.897812,0.000275,2.514724,324.621722,0.538391,333.240906,
1641867091.198145,0.000293,2.645188,210.101367,0.007864,218.343838,
1641867091.498187,0.000421,2.356229,198.282409,0.005589,207.795181,
1641867091.697904,0.000379,2.725055,305.813979,0.814601,315.314899,
1641867091.998221,0.000558,2.902460,235.377331,0.009855,244.780486,
1641867092.198418,0.000483,2.578010,288.994254,0.006854,297.101989,
1641867092.498039,0.000556,2.668334,263.744916,0.774336,272.120745,
1641867092.797955,0.000367,2.950777,266.356572,0.009939,275.408902,
1641867093.098119,0.000242,2.908729,179.970224,0.790591,189.662986,
1641867093.297757,0.000369,3.099265,206.137190,0.006560,215.217477,
1641867093.498043,0.000257,2.839793,173.365720,0.013778,181.861807,
1641867093.698052,0.000416,2.904758,345.190392,0.719946,356.749966,
1641867093.997844,0.000321,2.516497,253.063178,0.005962,261.959985,
1641867094.298012,0.000307,2.761672,288.748330,1.650426,298.915517,
1641867094.598085,0.000573,2.789758,298.641731,0.015239,308.419894,
1641867094.798311,0.000349,3.079966,222.355079,0.008354,232.131620,
1641867095.098132,0.000534,3.006386,214.330088,0.856204,227.059900,
1641867095.298158,0.001027,2.911665,198.470047,0.005632,207.834043,
1641867095.598006,0.000356,3.068939,215.591630,0.012919,226.587771,
1641867095.798516,0.000265,2.703664,177.153214,0.838135,186.037189,
1641867095.998005,0.000283,2.656960,115.171612,0.006194,126.438308,
1641867096.198413,0.000697,3.117777,158.226357,0.009005,167.105621,
1641867096.397981,0.000358,2.523957,166.010210,1.232261,177.971061,
1641867096.598076,0.000341,2.479519,180.657337,0.017222,191.561416,
1641867096.898617,0.000340,2.425491,270.938217,0.005641,279.177602,
1641867097.098040,0.000506,2.565052,158.618001,1.011447,168.278503,
1641867097.397858,0.000817,2.377923,260.342250,0.012666,269.043071,
1641867097.598163,0.000302,2.673235,258.502933,0.005633,266.954092,
1641867097.797896,0.000272,3.303990,278.299695,1.232683,290.662496,
1641867098.198171,0.000348,2.639302,254.556702,0.006742,263.097843,
1641867098.398711,0.000532,3.947734,295.397338,0.015236,305.397264,
1641867098.698200,0.000446,3.317739,214.988895,1.184500,224.998849,
1641867098.998261,0.000560,2.542634,240.901114,0.008369,252.431287,
1641867099.198480,0.001488,3.414041,264.566307,0.007377,275.157520,
1641867099.498331,0.000352,2.798339,258.031007,1.304394,267.273888,
1641867099.798173,0.000302,2.497210,280.754420,0.010311,290.878046,
1641867100.098145,0.000531,2.683481,239.714815,0.011100,249.313738,
1641867100.298400,0.000400,2.603768,189.917602,1.272533,199.225480,
1641867100.598213,0.000306,2.243586,293.686137,0.007167,304.260242,
1641867100.798421,0.001440,3.339640,170.895115,0.010263,180.161484,
1641867100.998289,0.001347,3.415443,168.916087,1.429123,179.523094,
1641867101.198471,0.000544,2.570096,139.006594,0.009285,149.505445,
1641867101.397988,0.000497,2.707416,97.225720,0.014794,107.809213,
1641867101.598600,0.000341,2.268199,126.516348,0.008171,135.257821,
1641867101.798239,0.000342,2.460729,164.105625,1.233023,173.069392,
1641867101.998165,0.000370,2.453502,132.838963,0.009155,141.707317,
1641867102.298051,0.000477,3.075818,156.279879,0.006710,166.839105,
1641867102.498255,0.000724,2.417655,171.075977,1.374374,181.041295,
1641867102.697994,0.000504,3.323500,275.726645,0.005593,286.733639,
1641867102.898154,0.000378,3.560540,214.657917,0.018887,226.992093,
1641867103.198061,0.000432,2.579641,262.450200,1.404846,272.204376,
1641867103.398447,0.000287,2.596600,248.094987,0.007953,256.354445,
1641867103.698263,0.000529,2.966654,310.536309,0.013800,320.774334,
1641867103.997919,0.000388,2.546031,313.702015,1.073776,323.048210,
1641867104.297939,0.000271,2.479769,400.142189,0.009740,409.391300,
1641867104.698454,0.000290,3.895379,343.798908,0.996693,354.495003,
1641867105.098369,0.000495,2.906767,308.729338,0.009059,317.705389,
1641867105.398207,0.001300,3.028428,413.431867,1.542667,424.421541,
1641867105.798817,0.000636,2.961164,322.603685,0.007952,332.559662,
1641867106.197984,0.000268,2.475298,317.226020,0.905062,330.179116,
1641867106.498562,0.000433,2.554655,347.793720,0.012811,356.226394,
1641867106.898319,0.000344,2.590543,335.521337,1.741919,345.555569,
1641867107.198279,0.000364,2.714201,372.062733,0.012615,382.073253,
1641867107.498296,0.000378,2.529905,382.264768,1.509702,391.341351,
1641867107.998185,0.000365,2.527867,315.735064,0.786679,324.753890,
1641867108.298715,0.000283,2.629048,340.876793,0.010107,349.882711,
1641867108.698090,0.000463,2.525448,378.262817,0.714987,387.935813,
1641867109.098188,0.000491,3.059665,303.902662,0.010353,313.628260,
1641867109.398391,0.000412,2.695260,280.665635,1.704165,291.869567,
1641867109.698116,0.000278,2.541271,276.302720,0.005415,284.535941,
1641867109.898309,0.000402,3.329135,259.349006,1.102251,268.729867,
1641867110.198282,0.000287,2.507656,334.090087,0.022033,345.185620,
1641867110.598412,0.000500,2.502077,233.608280,0.817193,243.692503,
1641867110.798151,0.000405,2.518011,191.607416,0.008296,202.129248,
1641867110.998415,0.000361,2.506943,331.293457,0.010873,340.156464,
1641867111.398441,0.000267,2.616602,280.959345,0.903236,290.006657,
1641867111.698477,0.001151,3.009344,323.127973,0.010632,332.404566,
1641867111.998258,0.000273,2.581445,221.089215,1.698420,231.744671,
1641867112.198495,0.000252,2.522714,182.506269,0.008383,194.827136,
1641867112.398169,0.000243,2.526637,282.535662,0.006604,290.386176,
1641867112.698257,0.000447,2.751321,265.589440,1.316998,276.811636,
1641867112.998806,0.000649,2.608779,307.667717,0.007800,316.633217,
1641867113.298340,0.000269,2.777016,349.578116,1.221861,358.630850,
1641867113.698570,0.000270,2.480772,214.359605,1.018147,225.486393,
1641867113.898395,0.000305,2.638729,254.492823,0.012862,265.320684,
1641867114.098629,0.000313,2.504564,279.100672,1.468685,288.235156,
1641867114.398531,0.000353,2.831787,209.143885,0.010497,217.668623,
1641867114.698682,0.000348,3.372960,309.576589,1.364480,319.503102,
1641867114.998254,0.000273,2.527504,295.638242,0.008743,304.102458,
1641867115.298656,0.000263,2.532821,289.286145,1.425896,299.474507,
1641867115.598293,0.000393,2.475780,312.581569,0.007786,322.406981,
1641867115.898089,0.000428,2.816778,193.812873,1.705541,205.129140,
1641867116.098360,0.000289,2.477129,201.724395,0.017692,211.679749,
1641867116.298572,0.000335,2.593776,201.068226,1.183438,211.076802,
1641867116.598311,0.000718,2.893090,202.708389,0.012944,211.514177,
1641867116.798608,0.000320,2.639578,251.786327,1.092057,260.811419,
1641867116.998361,0.000327,3.344501,268.313632,0.008675,277.209936,
1641867117.198676,0.000340,2.515123,228.072163,0.991410,238.938417,
1641867117.498317,0.000285,2.542419,372.602227,0.010944,384.231146,
1641867117.898298,0.000360,2.670863,341.204979,0.853698,349.994185,
1641867118.198440,0.000424,2.579755,393.449620,0.009110,402.382647,
1641867118.698201,0.000306,2.735069,419.766748,0.701939,429.011035,
1641867119.098345,0.000278,2.937207,168.663018,0.682466,178.940502,
1641867119.498422,0.000396,1.954677,236.226705,0.787710,246.242688,
1641867119.698664,0.000290,2.634198,190.952970,0.011401,199.969445,
1641867119.898257,0.000344,2.725259,215.106775,1.381033,226.665785,
1641867120.098851,0.001766,2.942131,187.075112,0.012561,195.938656,
1641867120.298333,0.000367,2.550049,218.515964,1.424534,228.279418,
1641867120.599041,0.000516,2.949425,200.400141,0.008241,209.799867,
1641867120.798585,0.000647,2.871454,171.097229,1.755744,184.415093,
1641867120.998832,0.000371,2.720042,232.449203,0.011785,244.248898,
1641867121.198342,0.000503,2.741629,281.829091,1.852997,294.043701,
1641867121.498458,0.000455,3.086675,281.454030,0.005944,290.044478,
1641867121.698833,0.000292,2.790344,342.171834,0.966240,353.475968,
1641867122.098856,0.000680,2.894087,276.594066,1.189805,288.170027,
1641867122.398589,0.000313,3.562332,230.635119,0.008457,240.181926,
1641867122.698330,0.000476,3.092337,212.476216,1.419076,224.871880,
1641867122.898511,0.000429,2.820577,208.530239,0.005943,217.367781,
1641867123.098558,0.000506,2.912934,178.718974,0.005947,187.054089,
1641867123.298404,0.000317,2.609503,162.724740,1.939360,174.642899,
1641867123.498652,0.000639,2.790849,99.908504,0.015624,108.787542,
1641867123.698247,0.000370,2.262559,84.569365,0.007054,94.267411,
1641867123.898332,0.000387,2.122461,134.269471,1.661745,145.062237,
1641867124.098579,0.000441,3.290632,130.264567,0.006994,144.387941,
1641867124.398667,0.000442,2.937933,232.421046,1.165488,241.275371,
1641867124.598407,0.000317,2.473006,231.999488,0.006463,243.945672,
1641867124.798575,0.000312,2.491503,190.532551,0.007210,200.767318,
1641867124.998723,0.000365,2.570662,199.724898,2.125394,209.693679,
1641867125.198424,0.000384,4.051318,426.414562,0.005471,436.989036,
1641867125.698493,0.000293,2.660314,258.075286,1.244831,269.729532,
1641867125.898834,0.000308,2.720967,416.091024,0.009289,426.904605,
1641867126.298523,0.000488,2.491996,226.941182,1.115356,235.884211,
1641867126.498307,0.000255,2.679509,186.784624,0.009893,196.089108,
1641867126.798666,0.001029,2.906611,250.855102,0.007965,259.197826,
1641867127.098578,0.000384,2.869011,196.316002,2.539941,208.051647,
1641867127.298990,0.000286,2.522232,185.668110,0.005756,196.009895,
1641867127.498499,0.000256,2.458968,152.680328,0.005148,161.639397,
1641867127.698274,0.000471,2.709887,225.776046,0.009055,233.671341,
1641867127.898606,0.000297,2.471654,361.975994,1.362753,373.762868,
1641867128.298407,0.000473,2.536189,249.116199,0.009263,257.621755,
1641867128.499041,0.000409,2.643719,205.829941,1.569594,214.983102,
1641867128.698568,0.000287,2.968034,283.841576,0.005395,292.268739,
1641867128.999084,0.000583,3.338561,225.114185,1.713217,235.420838,
1641867129.298963,0.000351,2.613090,290.527209,0.005521,299.146398,
1641867129.598495,0.000208,2.551734,201.208052,1.465366,212.839022,
1641867129.798663,0.000288,2.545402,260.835596,0.006386,269.479209,
1641867129.998869,0.000416,2.958849,249.467363,0.009509,260.541493,
1641867130.298602,0.000332,2.629879,292.024655,1.450154,301.344357,
1641867130.598622,0.000506,2.594699,417.210060,0.005642,425.239287,
1641867130.798832,0.000335,2.737097,372.754219,1.424773,382.161696,
1641867131.398979,0.000442,2.621407,339.168022,0.654466,347.906019,
1641867131.798927,0.000325,2.781003,300.091491,0.006446,309.290985,
1641867132.098531,0.000298,2.487188,337.721077,2.055396,347.955062,
1641867132.398860,0.000282,2.535007,350.597549,0.007831,358.888133,
1641867132.799074,0.000256,2.553621,413.246166,0.866417,423.869891,
1641867133.198776,0.000807,2.745216,424.545854,0.005053,433.984960,
1641867133.598807,0.000581,2.780530,360.903663,0.820864,369.868191,
1641867133.998878,0.000291,2.836479,364.673722,0.008608,377.278297,
1641867134.398638,0.000234,2.545497,367.282803,0.635482,378.228665,
1641867134.798887,0.000898,2.920314,328.213113,0.009100,337.307873,
1641867135.098633,0.000260,2.594077,413.629732,1.344922,423.300980,
1641867135.499161,0.000939,3.190411,218.820918,0.006092,228.054462,
1641867135.798842,0.000317,2.597241,211.246870,1.455654,222.193184,
1641867135.998686,0.000647,2.545477,222.026562,0.005931,230.137610,
1641867136.198763,0.000306,2.522382,305.549603,0.011830,315.605809,
1641867136.498553,0.000615,2.859061,264.907085,1.533342,274.936600,
1641867136.798875,0.000590,2.765975,235.452206,0.009108,245.029738,
1641867137.099022,0.000401,2.623110,209.834263,1.130380,218.795479,
1641867137.298946,0.000312,2.612490,269.633284,0.005849,277.631639,
1641867137.499015,0.000361,3.139098,326.678373,1.592661,336.928816,
1641867137.898966,0.000252,2.498088,280.410016,1.200298,289.070122,
1641867138.198828,0.000388,2.840489,346.299096,0.010120,358.372866,
1641867138.399032,0.000657,2.970268,415.970769,1.429652,427.146459,
1641867138.999143,0.000284,2.624484,376.327962,1.428507,387.730797,
1641867139.399086,0.000259,2.501679,332.451605,0.660233,340.753220,
1641867139.698597,0.000313,2.524572,200.869995,0.009048,209.644268,
1641867139.899088,0.000397,2.622280,216.930274,0.848782,228.067453,
1641867140.098741,0.000285,2.769733,181.811088,0.007773,190.771922,
1641867140.298663,0.000379,2.758048,280.276665,0.890783,291.568229,
1641867140.599036,0.000281,2.492133,317.592515,0.005755,326.999440,
1641867140.998911,0.000806,3.033420,265.956395,0.736261,274.808969,
1641867141.198802,0.000277,2.451980,262.070418,0.005981,270.678783,
1641867141.499044,0.000348,3.163275,369.278918,1.160218,378.957009,
1641867141.899066,0.000272,2.660001,333.137450,0.654794,343.838237,
1641867142.198869,0.000293,2.560584,313.709623,0.011082,323.174624,
1641867142.599060,0.000530,2.930177,303.810073,1.404356,314.530610,
1641867142.898658,0.000271,2.576469,429.975005,0.004770,438.173941,
1641867143.298630,0.000481,2.744067,317.527015,1.179493,328.147612,
1641867143.598495,0.000246,3.385485,186.876570,0.009134,198.030522,
1641867143.798934,0.000236,3.002113,200.775870,0.973156,210.366135,
1641867143.999093,0.000674,3.294795,216.869257,0.006399,228.722959,
1641867144.298920,0.000298,2.693893,143.737786,2.211978,153.820131,
1641867144.499134,0.000539,2.480089,207.835407,0.009924,216.398741,
1641867144.698872,0.000291,3.248211,324.737238,0.866967,333.976112,
1641867144.999500,0.000306,2.840941,211.871397,0.009949,219.888484,
1641867145.198916,0.000312,2.559054,223.638919,0.967610,232.316098,
1641867145.699023,0.000405,2.104410,209.746526,2.237985,220.673012,
1641867145.898710,0.000333,2.828833,231.758823,0.016683,243.177457,
1641867146.098970,0.000303,2.688176,266.949658,1.427225,280.770984,
1641867146.398984,0.000545,2.774705,143.561702,0.013194,155.046482,
1641867146.698631,0.000764,2.465545,135.222191,1.162282,144.076526,
1641867146.898822,0.000645,3.354441,159.250130,0.013411,168.345757,
1641867147.099242,0.000466,2.748244,279.071644,1.047208,288.456221,
1641867147.298972,0.000444,2.774186,255.222650,0.008604,265.253627,
1641867147.598883,0.000284,2.591695,169.348643,1.932132,178.931291,
1641867147.798989,0.000337,2.587532,184.200928,0.006130,192.950166,
1641867147.998718,0.000260,2.689705,268.370269,1.088361,277.761707,
1641867148.199082,0.000698,4.217780,175.230253,0.009739,185.416798,
1641867148.399104,0.000447,2.966021,145.348419,0.006875,153.784867,
1641867148.699094,0.000334,2.208040,129.595527,1.845764,139.140040,
1641867148.898936,0.000374,2.497697,129.955957,0.006050,139.904522,
1641867149.098673,0.000416,2.404417,210.037010,0.009020,218.292729,
1641867149.298913,0.000353,2.986678,184.271696,1.519197,194.109196,
1641867149.499230,0.000294,2.723256,253.173220,0.006288,263.033381,
1641867149.698956,0.000381,2.697622,197.249081,0.006939,205.875295,
1641867149.898835,0.000348,2.742685,216.891761,0.014561,227.620321,
1641867150.198769,0.000461,2.709676,281.943695,1.904316,292.113594,
1641867150.498968,0.000285,2.672341,245.815978,0.005975,254.900609,
1641867150.698631,0.000292,2.633800,260.833816,0.009656,270.505890,
1641867150.999210,0.000343,2.558872,343.525530,1.845669,353.058200,
1641867151.298946,0.000457,2.857177,304.255154,0.007416,313.410025,
1641867151.599208,0.000764,2.577582,434.532717,0.006037,444.510178,
1641867152.098686,0.000235,2.551145,331.267482,0.963165,340.563347,
1641867152.398707,0.000258,2.994435,273.660753,0.008626,282.602799,
1641867152.699198,0.000260,2.619552,260.158182,1.090772,269.014406,
1641867152.999022,0.000227,2.773054,253.350954,0.006352,262.809015,
1641867153.198742,0.000567,3.077106,223.883721,0.006147,232.392230,
1641867153.499301,0.000368,2.792568,235.864613,1.173784,245.529226,
1641867153.698933,0.001276,3.078289,256.133384,0.010242,265.195401,
1641867153.998831,0.000378,2.617068,212.461326,0.008066,220.884192,
1641867154.199258,0.000380,2.525999,256.389881,1.046083,265.062862,
1641867154.499223,0.000386,2.671204,202.085538,0.008407,211.039041,
1641867154.698878,0.000348,2.604850,210.090706,0.009894,217.985857,
1641867154.899101,0.000387,2.684953,266.753601,0.006117,275.550783,
1641867155.199216,0.000258,2.582947,197.559294,1.246338,208.877566,
1641867155.398953,0.000274,2.618019,187.900201,0.006285,196.771306,
1641867155.598680,0.000259,2.675663,209.062099,0.006191,216.909790,
1641867155.799024,0.000221,2.578209,214.422234,0.983505,223.684049,
1641867155.998728,0.000282,2.617693,246.076931,0.011491,254.641821,
1641867156.298904,0.000285,2.549195,162.470446,0.010573,173.003970,
1641867156.499044,0.000813,3.188879,240.686437,0.831295,250.042891,
1641867156.698920,0.000209,2.552476,230.150613,0.008317,240.879500,
1641867156.998845,0.000244,2.561672,309.677935,0.012239,318.438970,
1641867157.299493,0.000359,2.650374,240.334545,1.127006,250.314360,
1641867157.498940,0.000216,2.573482,231.240429,0.004987,239.418138,
1641867157.798934,0.000357,2.634858,246.643493,0.006592,255.923990,
1641867157.999046,0.000247,2.664027,266.682460,1.228074,279.232183,
1641867158.299160,0.000239,2.668028,207.513279,0.010054,215.933565,
1641867158.498851,0.000381,2.607637,238.154978,0.011228,250.072898,
1641867158.699394,0.000495,2.575684,324.862665,0.809693,333.538427,
1641867159.099261,0.000256,2.564323,263.328752,0.011317,271.782701,
1641867159.398988,0.000252,2.572479,284.758033,1.066253,294.273965,
1641867159.698794,0.000250,2.582558,196.109597,0.012052,204.797497,
1641867159.899086,0.000306,2.830271,268.236987,1.597829,280.641516,
1641867160.198943,0.000261,2.658933,211.675272,0.011695,223.559884,
1641867160.399539,0.000482,2.814907,140.508679,1.159262,152.464117,
1641867160.599160,0.000617,3.065390,134.114781,0.022591,143.335628,
1641867160.799238,0.000378,2.150428,140.392906,1.409363,150.695102,
1641867160.998904,0.000424,2.249374,168.503215,0.015761,179.087527,
1641867161.199299,0.000355,2.356745,156.106385,1.602005,165.263165,
1641867161.398966,0.000334,3.244218,130.116185,0.013597,140.453228,
1641867161.599031,0.000461,2.659434,131.195859,1.007438,142.873210,
1641867161.799333,0.000369,2.377556,165.893438,0.008541,174.072294,
1641867161.998996,0.000664,2.548724,191.881225,0.740574,200.959724,
1641867162.199445,0.000845,2.611416,188.540740,0.006579,197.645302,
1641867162.399384,0.000494,2.939578,141.045635,0.789662,150.058380,
1641867162.699579,0.000326,2.189430,129.196136,0.004919,138.888640,
1641867162.899013,0.000614,2.895916,178.180785,0.957324,189.824851,
1641867163.299084,0.000338,2.044301,187.712145,1.368515,197.367171,
1641867163.499521,0.000885,3.042586,143.434365,0.008767,152.759666,
1641867163.698906,0.000418,2.426669,159.457423,0.817038,167.746740,
1641867163.899284,0.000380,2.328157,194.522317,0.008014,204.161262,
1641867164.099540,0.000813,2.879443,105.386578,0.855641,115.357401,
1641867164.299054,0.000668,2.409229,100.592228,0.012315,112.600826,
1641867164.499323,0.000501,2.824067,105.027660,1.588192,114.947001,
1641867164.699070,0.000469,2.204553,124.061030,0.007755,133.251745,
1641867164.899179,0.000432,2.381632,126.477806,1.078718,135.164798,
1641867165.198994,0.000424,2.517178,143.791762,0.005383,152.469662,
1641867165.399093,0.000390,2.481724,88.398815,0.839952,100.542426,
1641867165.599612,0.000314,2.247236,128.261304,0.010028,136.924457,
1641867165.799102,0.000296,2.401158,112.300600,1.295631,123.010190,
1641867165.999578,0.000809,2.695739,146.255582,0.005535,154.643294,
1641867166.199038,0.000472,2.348747,118.232743,0.812737,127.592416,
1641867166.399045,0.000340,2.339339,70.006192,0.006076,80.863498,
1641867166.599541,0.000633,2.156465,83.141800,1.369077,95.693313,
1641867166.799313,0.000679,2.637154,106.828362,0.008918,116.196698,
1641867166.998845,0.000352,3.200606,76.264382,1.461415,86.822962,
1641867167.199250,0.000431,2.455884,79.958719,0.004677,89.108247,
1641867167.399540,0.000347,2.922168,70.205019,0.911234,79.821108,
1641867167.599185,0.000591,2.489268,107.643737,0.009439,117.502000,
1641867167.798963,0.000500,2.671618,112.499696,1.099330,121.826965,
1641867167.999306,0.000591,2.546572,84.734719,0.017380,96.419921,
1641867168.198800,0.000332,2.201040,90.551016,1.937923,101.780251,
1641867168.499057,0.000401,2.125321,78.511672,0.920994,88.665380,
1641867168.699450,0.000421,2.343601,80.468647,0.004830,91.587049,
1641867168.899391,0.000379,2.295910,91.337597,0.884003,100.334090,
1641867169.098993,0.000350,2.458887,88.182598,0.006844,97.995173,
1641867169.299160,0.000660,2.478882,92.835862,1.519303,102.548834,
1641867169.499457,0.000382,2.268693,80.084298,0.006457,91.746457,
1641867169.699149,0.000370,2.215277,91.721625,1.015523,100.729876,
1641867169.899654,0.000743,2.985396,107.751208,0.008850,119.761511,
1641867170.099121,0.000339,2.677039,98.033568,0.871959,109.554014,
1641867170.299643,0.000409,2.283772,82.597964,0.007741,95.818085,
1641867170.499136,0.000327,2.630907,108.480685,1.223988,117.697114,
1641867170.699535,0.000334,2.377357,107.060729,0.011330,118.671926,
1641867170.899041,0.000604,2.329974,96.672013,2.660549,107.901384,
1641867171.099037,0.000355,2.272858,83.958204,0.014370,97.243303,
1641867171.299261,0.000719,2.691661,81.246454,1.335604,91.939109,
1641867171.499586,0.000326,2.278827,118.717561,0.008144,129.607107,
1641867171.699211,0.000554,2.386366,100.431274,0.823795,110.291574,
1641867171.899366,0.000375,2.336329,82.183020,0.006556,94.625588,
1641867172.099128,0.000329,2.997880,76.835738,1.438015,88.359569,
1641867172.299684,0.001066,2.543314,85.640347,0.006881,94.798301,
1641867172.499069,0.000346,2.971363,105.172893,0.815288,114.977134,
1641867172.699585,0.000447,2.424279,107.890955,0.011252,117.239439,
1641867172.899202,0.000456,2.612672,112.858686,1.414945,122.141123,
1641867173.098876,0.000421,2.426425,86.071563,0.008810,95.799420,
1641867173.299275,0.000344,2.993004,106.769143,1.220468,116.729846,
1641867173.498883,0.000362,2.346760,120.650977,0.014704,129.801636,
1641867173.699138,0.001216,2.718440,106.271398,1.772024,116.800453,
1641867173.899567,0.000385,2.300710,106.718661,0.018828,115.182597,
1641867174.099264,0.000348,2.508270,105.582180,1.367512,115.261556,
1641867174.299485,0.000480,2.803427,89.037425,0.009317,99.250443,
1641867174.499117,0.000334,2.405222,101.223545,1.202969,114.547557,
1641867174.699354,0.000464,3.081189,113.368844,0.008013,124.742674,
1641867174.999192,0.000385,2.195227,72.033366,1.321480,80.864941,
1641867175.199663,0.000706,2.269057,77.079895,0.008927,87.078369,
1641867175.399338,0.000391,2.389031,109.250586,0.834561,118.244572,
1641867175.599692,0.000449,2.757367,80.864530,0.006180,89.992459,
1641867175.799170,0.000472,2.734235,111.450111,1.729636,121.424725,
1641867175.999219,0.000330,2.378515,117.758569,0.011525,127.536464,
1641867176.199659,0.000346,2.532178,102.666156,1.431685,114.308250,
1641867176.399355,0.000393,2.487705,80.889412,0.006333,90.390452,
1641867176.599161,0.001301,2.701681,126.050084,0.874150,134.926417,
1641867176.799195,0.000296,2.341388,113.747032,0.009431,121.604229,
1641867176.999707,0.000369,2.422754,107.716431,1.241005,117.978867,
1641867177.199206,0.000398,2.793377,103.685815,0.007743,114.313607,
1641867177.399075,0.000374,2.419994,96.309935,1.222451,107.333692,
1641867177.599258,0.000329,2.600160,85.054595,0.012189,96.170127,
1641867177.799267,0.000370,3.022580,77.728039,1.427486,88.594675,
1641867177.999387,0.000338,2.258790,112.679830,0.006341,120.952831,
1641867178.199064,0.000459,2.986896,133.239969,1.151062,145.480723,
1641867178.399434,0.000484,2.738387,94.650881,0.009247,103.231118,
1641867178.599734,0.000432,2.371158,86.107124,1.039490,98.763078,
1641867178.799392,0.001575,2.487909,80.962278,0.009668,93.823523,
1641867178.999481,0.000345,2.862226,88.630840,0.912691,98.933685,
1641867179.199904,0.000340,2.428039,113.129341,0.007196,121.472596,
1641867179.399681,0.000395,2.816205,109.729684,1.522922,119.236192,
1641867179.599996,0.000414,2.292410,147.774022,0.010401,156.224213,
1641867179.799540,0.000376,3.154657,102.957703,1.609522,118.405728,
1641867179.999467,0.000574,2.506057,101.605741,0.008948,112.387093,
1641867180.199759,0.000423,2.374515,116.376651,0.989695,124.880900,
1641867180.499494,0.000304,2.270883,111.719830,1.142329,120.786473,
1641867180.699716,0.000425,2.661774,101.339374,0.011605,112.480923,
1641867180.900244,0.000429,2.394486,89.662673,1.217345,100.370044,
1641867181.099821,0.000348,2.493008,118.816965,0.013337,129.693555,
1641867181.300125,0.000343,3.711686,105.294216,1.229928,115.656726,
1641867181.499636,0.000400,3.013832,104.695073,0.009621,117.473715,
1641867181.700106,0.000357,2.792408,103.448846,0.892016,112.860625,
1641867181.899608,0.000429,2.384864,89.343352,0.011626,98.298910,
1641867182.099407,0.000723,3.170364,114.693478,0.903265,124.466679,
1641867182.299607,0.000316,2.632139,76.240532,0.005499,85.065914,
1641867182.499839,0.000710,2.328839,108.602780,1.572759,119.657953,
1641867182.699575,0.000712,2.954716,89.677112,0.008200,102.614578,
1641867182.999980,0.000263,2.215757,86.422125,2.960074,99.691845,
1641867183.199593,0.000457,2.507862,106.882218,0.015125,119.807965,
1641867183.399898,0.000385,2.427258,109.362980,1.149955,118.825267,
1641867183.599838,0.000334,2.459130,105.127272,0.011194,113.372911,
1641867183.799964,0.000510,2.748797,114.053370,1.348157,124.250522,
1641867183.999510,0.001200,2.872647,115.329932,0.008982,123.956212,
1641867184.199660,0.000382,2.969806,93.036982,1.850959,104.012601,
1641867184.399431,0.000929,3.164618,105.970544,0.006932,114.838544,
1641867184.599582,0.000879,3.062880,95.568171,1.075343,105.965114,
1641867184.799376,0.000405,2.515022,139.516236,0.005575,147.716533,
1641867184.999520,0.000389,3.627668,126.105949,0.907593,136.046202,
1641867185.199936,0.000521,3.309478,156.840438,0.009307,166.203821,
1641867185.399423,0.000636,2.656342,126.893599,1.110793,136.122002,
1641867185.599635,0.000396,2.676220,114.783226,0.006968,123.618943,
1641867185.799408,0.000575,3.290733,84.107436,0.008870,93.691682,
1641867185.999452,0.000462,2.907253,101.547577,1.293815,111.900071,
1641867186.199708,0.000378,2.559608,128.384367,0.005981,138.212330,
1641867186.399542,0.000371,2.529442,137.881507,0.012069,146.833112,
1641867186.599993,0.000343,2.742026,83.922758,0.016607,96.778988,
1641867186.799361,0.000532,2.922206,95.881633,0.849032,105.258056,
1641867186.999261,0.000378,2.907183,82.641582,0.012778,91.605877,
1641867187.199458,0.000351,2.420930,97.036553,0.011079,106.886530,
1641867187.399880,0.000819,2.817400,132.646167,0.010887,142.979898,
1641867187.599478,0.000359,2.503521,115.465133,0.013556,126.392307,
1641867187.799845,0.000499,2.636249,87.217675,0.006170,98.134643,
1641867187.999458,0.000354,2.464029,96.698507,0.005427,108.769145,
1641867188.299970,0.000322,2.410022,93.915047,0.007585,103.899169,
1641867188.499329,0.000693,2.817129,113.890000,0.005200,122.783817,
