1641866971.895974,3.290027,3.991636,77.574034,1.435518,217.522872,
1641866972.096085,2.934447,3.707962,47.937206,0.006947,200.791967,
1641866972.296248,3.417633,5.704084,44.884520,0.004462,52.623955,
1641866972.596180,5.959694,9.769534,57.783580,0.008608,67.912986,
1641866972.795985,7.690782,12.576271,48.364946,0.004160,61.507793,
1641866972.996258,4.172667,6.633634,54.220931,0.004961,61.114999,
1641866973.196360,11.274665,17.740818,57.006614,0.005084,75.136870,
1641866973.496056,8.925058,13.758065,95.436579,0.329295,109.844210,
1641866973.696774,5.843631,9.598152,76.656367,0.004599,86.533371,
1641866973.996097,8.427206,13.140967,65.701613,0.602366,80.096069,
1641866974.196573,9.798745,15.257075,87.215441,0.009614,103.207556,
1641866974.396267,5.980707,9.800786,73.992548,0.008553,84.183967,
1641866974.596427,7.453464,11.281774,99.158047,0.391596,111.120717,
1641866974.796135,3.692431,6.127423,85.529502,0.011487,92.063524,
1641866974.996587,7.796207,12.521966,67.442586,0.350204,80.671577,
1641866975.196181,9.030257,13.751214,73.021072,0.007684,88.188036,
1641866975.396288,4.740460,7.426896,58.372407,1.097173,67.484332,
1641866975.596658,7.564563,12.255456,55.715128,0.009591,68.452298,
1641866975.796088,7.641020,11.436268,59.173321,0.374146,71.440309,
1641866975.996782,5.592567,9.035025,62.834543,0.006254,72.613263,
1641866976.196107,5.103818,8.172095,57.758132,0.368830,66.817502,
1641866976.396251,5.967279,9.667313,88.448323,0.007712,98.371675,
1641866976.796138,4.672887,7.154638,57.854163,0.361134,65.707170,
1641866977.096821,3.967763,6.405404,50.481228,0.394605,57.624246,
1641866977.296322,3.195103,5.035110,44.786899,0.005450,50.011168,
1641866977.496339,3.586990,5.662045,49.281057,0.262049,55.416013,
1641866977.696685,6.204644,10.490598,61.506068,0.004994,72.658533,
1641866977.896166,4.609432,7.060611,60.246716,0.430812,68.169036,
1641866978.096651,3.867885,5.865330,45.026471,0.009056,51.206839,
1641866978.296335,6.554372,11.405491,62.076787,0.563658,74.652247,
1641866978.496595,3.403838,5.472836,63.410526,0.384079,69.637467,
1641866978.696289,3.690219,5.872954,51.310518,0.352720,57.835481,
1641866978.996200,5.306750,7.761391,76.351131,0.389740,84.899684,
1641866979.196342,4.534733,7.576949,60.209718,0.356985,68.469294,
1641866979.396824,4.982843,7.793101,70.024411,0.350474,78.477280,
1641866979.596359,3.441807,5.630533,53.374233,0.307799,59.651431,
1641866979.896713,4.500087,6.894852,75.174346,0.321960,82.687882,
1641866980.196852,4.719293,7.224223,101.047693,0.278896,108.868965,
1641866980.396466,4.276477,6.681176,79.431371,0.369478,86.776583,
1641866980.596755,3.345177,5.297219,89.953254,0.494726,96.110961,
1641866980.796400,5.435931,8.244611,67.986958,0.553087,77.333133,
1641866980.996413,4.397167,6.920521,77.458457,0.348370,85.128419,
1641866981.196158,3.856788,5.796451,68.835541,0.300458,75.184173,
1641866981.396429,3.256489,5.061009,57.106412,0.382186,62.827288,
1641866981.596838,4.251013,6.413487,43.163184,0.277511,50.109474,
1641866981.796434,3.822759,6.058369,52.312529,0.422264,59.065970,
1641866981.996372,4.157227,6.244916,58.982294,0.641864,66.607406,
1641866982.196737,5.483913,8.609205,52.053282,0.348343,61.408089,
1641866982.496798,3.217729,5.076775,63.393987,0.283445,69.023114,
1641866982.796545,8.464033,12.987100,77.899657,0.366721,91.592160,
1641866982.996236,3.690191,5.739757,65.312164,0.373466,71.766068,
1641866983.196390,6.685311,9.357397,89.345968,0.465857,99.549985,
1641866983.396326,5.474580,7.978074,55.932357,0.331133,64.679894,
1641866983.596741,6.318877,9.166173,82.738914,0.311822,92.647308,
1641866983.796446,8.323962,11.879606,68.375720,0.337613,81.067989,
1641866983.996109,5.070694,7.079071,64.079826,0.352013,71.853693,
1641866984.196305,6.034025,8.547241,62.745962,0.412288,72.202830,
1641866984.396419,5.004112,7.118028,74.324870,0.547074,82.393459,
1641866984.596574,5.691560,8.597792,70.276550,0.440334,79.700918,
1641866984.796410,6.796512,9.480229,68.905528,0.446026,79.193616,
1641866985.096177,8.231623,12.034660,63.097142,0.372765,75.888626,
1641866985.396704,4.928491,7.242431,95.928154,0.428395,103.990160,
1641866985.596540,4.457963,6.692676,69.445637,1.057196,77.749174,
1641866985.896433,6.098431,8.422972,100.044880,0.324812,109.237878,
1641866986.196309,9.101746,12.939416,73.934826,0.505905,88.247392,
1641866986.396616,3.846968,6.105858,120.362485,0.349872,127.123233,
1641866986.596331,5.485981,8.173057,107.448997,0.370445,116.351836,
1641866986.896259,4.382543,6.761002,91.512464,0.333094,98.941462,
1641866987.096799,5.265758,7.684111,86.827347,0.398607,95.222341,
1641866987.296334,4.152660,6.167563,97.323872,0.435373,104.255930,
1641866987.496699,4.194121,6.455405,74.550332,0.384640,81.780724,
1641866987.696553,3.880492,5.921616,71.705499,0.341243,78.298598,
1641866987.896377,6.702867,10.386554,62.280271,0.418256,73.423014,
1641866988.095942,3.770297,5.725777,77.356989,0.679264,84.457794,
1641866988.296100,4.253610,6.503575,62.934572,0.336909,70.022087,
1641866988.496574,4.813131,7.151385,63.426836,0.392556,71.264518,
1641866988.696358,4.312465,6.799375,80.072201,0.562297,87.796396,
1641866988.996824,3.938069,5.985902,67.746319,0.535789,74.718484,
1641866989.196427,4.288286,6.713058,79.044469,0.328192,86.663542,
1641866989.396715,5.210718,7.688874,111.833499,0.436870,120.383071,
1641866989.596432,4.050137,6.512196,93.145467,0.449390,100.432046,
1641866989.896072,4.648753,7.512199,79.335335,0.402709,87.614865,
1641866990.096285,6.537196,9.658891,95.025376,0.545182,105.791165,
1641866990.296208,4.837166,7.325170,99.530312,0.864898,108.056128,
1641866990.496412,3.682927,5.709591,98.597708,0.332662,104.915548,
1641866990.696918,4.634581,7.387693,62.827913,0.655976,71.358240,
1641866990.896238,3.889410,5.837212,67.203015,0.360753,73.704034,
1641866991.096716,4.330491,6.600280,64.177422,0.320717,71.495644,
1641866991.296307,4.441111,6.700881,87.780109,0.422546,95.208191,
1641866991.496679,4.111322,6.311964,100.901373,0.439033,107.934250,
1641866991.696420,4.239852,6.529191,64.784689,0.608324,72.471634,
1641866991.896719,6.108116,9.758280,67.668994,0.500190,78.611307,
1641866992.096608,6.074378,9.560781,57.527888,0.593389,68.324606,
1641866992.296799,5.589089,8.403181,92.773465,0.621786,102.447567,
1641866992.496474,4.396366,6.835548,63.039612,0.462134,70.657849,
1641866992.896745,6.982175,11.104192,176.199806,0.388708,188.162870,
1641866993.096993,5.829701,8.094338,159.221730,0.357486,168.170314,
1641866993.296560,5.276145,7.566198,162.905260,0.360912,171.124125,
1641866993.496669,4.458394,6.601185,159.902714,0.481356,167.366123,
1641866993.696374,4.423446,6.638029,137.815292,0.649605,145.827643,
1641866994.097125,5.323770,8.090201,146.176596,0.404653,155.204824,
1641866994.296589,4.350590,6.557091,110.226542,0.474839,117.728931,
1641866994.496545,4.340927,6.531294,123.212338,0.354951,130.612844,
1641866994.696527,4.622599,7.345931,129.026138,0.530199,137.293965,
1641866994.896921,4.324452,6.455115,130.121531,0.414226,137.350982,
1641866995.096365,4.552313,6.723733,109.471481,0.411729,116.917490,
1641866995.296437,4.627532,6.962490,83.569682,0.468868,91.390572,
1641866995.496762,5.826983,7.995751,108.136262,0.454163,117.041021,
1641866995.696263,5.414676,7.718694,130.933399,0.376534,139.377262,
1641866995.896630,4.571174,6.753677,120.221754,0.374339,127.787637,
1641866996.096340,4.286225,6.433590,125.681454,0.430771,132.907727,
1641866996.296525,4.335366,6.834367,86.647309,0.006335,94.474348,
1641866996.496587,5.459028,8.010984,97.708038,0.680562,106.966458,
1641866996.796375,4.157012,6.242794,114.383332,0.396137,121.397298,
1641866997.097124,5.397391,8.237637,86.581888,0.439139,95.656032,
1641866997.296608,5.256577,7.435776,110.260218,0.007677,118.616546,
1641866997.597019,5.489731,8.189379,129.903436,0.655642,139.317718,
1641866997.796511,8.447151,11.169813,92.690548,0.007360,104.460710,
1641866997.996505,5.017123,7.422623,200.187576,0.639483,208.725106,
1641866998.197094,5.294693,7.566677,111.744110,0.007919,119.866035,
1641866998.396549,4.931373,7.511180,143.722385,0.380165,152.339539,
1641866998.596636,4.933919,7.568712,210.776997,0.010626,218.760343,
1641866998.797008,4.979540,7.386211,201.554553,0.411148,209.964795,
1641866998.996549,5.247678,7.804858,128.347788,0.004763,137.058764,
1641866999.196485,5.089837,7.534867,219.675153,0.361020,227.971482,
1641866999.696227,5.659184,8.178907,221.247483,0.512218,230.366689,
1641866999.896662,5.531161,8.212740,250.254535,0.005785,259.552578,
1641867000.196810,5.983158,8.329785,82.588085,0.498375,91.842934,
1641867000.396771,5.916530,8.463097,160.713510,0.010699,170.375675,
1641867000.697282,7.569708,10.590310,103.530971,0.371748,114.946617,
1641867000.896731,4.837407,7.248483,112.848000,0.004497,120.923594,
1641867001.196503,6.081545,8.921272,77.250790,0.701411,87.395298,
1641867001.397153,5.031946,7.131157,159.762448,0.006466,167.418279,
1641867001.596778,6.057643,8.403923,78.227088,0.391907,87.491960,
1641867001.997030,4.291036,6.346838,85.116377,0.419317,92.235358,
1641867002.196623,4.660776,6.655070,77.756639,0.005619,85.370578,
1641867002.396483,4.622073,6.665738,70.756793,1.115919,79.709630,
1641867002.697167,8.468547,12.208285,91.338757,0.004681,104.175986,
1641867002.896718,6.529276,9.418429,87.275366,0.475677,97.548681,
1641867003.096790,10.851800,14.015948,78.251134,0.007745,93.298212,
1641867003.297024,5.093180,7.215205,49.059664,0.396484,57.126222,
1641867003.496847,6.956047,9.918135,90.122027,0.015276,100.527648,
1641867003.697151,5.997448,8.070415,54.480026,0.382483,63.349902,
1641867003.896759,5.515762,8.042646,49.269658,0.005719,58.114055,
1641867004.097136,4.830186,6.852301,278.336683,0.410090,285.983957,
1641867004.296798,6.079320,8.474321,90.127117,0.005186,98.921036,
1641867004.496666,5.212643,7.400824,74.738467,0.590015,83.356184,
1641867004.696836,4.909920,6.958012,61.319666,0.005780,68.868982,
1641867004.897349,5.877062,8.084213,66.906344,0.505457,75.977325,
1641867005.096720,5.987154,8.057538,80.127422,0.010791,89.223929,
1641867005.296987,5.404468,7.978748,85.401196,0.443350,94.273859,
1641867005.496809,5.288947,7.413674,76.004581,0.021046,84.280454,
1641867005.697018,6.120064,8.244029,86.266981,0.511039,95.508185,
1641867005.896614,5.055925,7.910008,86.053452,0.009978,94.740631,
1641867006.096911,6.038344,8.172822,86.831170,1.123205,97.268615,
1641867006.297147,5.113721,7.347881,82.246344,0.006381,89.965449,
1641867006.497421,5.023087,7.226696,97.797894,0.445819,105.858061,
1641867006.697098,6.195964,8.749364,114.992746,0.007177,124.725582,
1641867006.896903,5.034828,7.472426,79.197955,0.483400,87.670404,
1641867007.097076,4.678332,7.277994,92.486388,0.013190,100.757625,
1641867007.296652,5.062806,7.878862,88.175451,1.184934,97.949383,
1641867007.496839,5.803722,8.246075,124.043416,0.010321,133.396877,
1641867007.696693,8.940204,12.201886,367.561495,0.485667,380.707232,
1641867007.896998,8.193442,11.097707,201.027363,0.006089,213.292317,
1641867008.197317,6.663739,9.847708,200.572994,0.448395,212.172844,
1641867008.396668,6.593091,9.467034,276.723091,0.010255,287.306558,
1641867008.796746,6.069146,8.696449,157.377286,0.437682,166.952265,
1641867008.996517,5.903669,8.327971,191.072026,0.008024,200.466966,
1641867009.196793,6.480692,9.119171,169.413830,0.480802,179.433995,
1641867009.496554,5.966446,8.198466,192.763416,0.006246,202.103773,
1641867009.696686,7.623189,10.271334,305.261404,0.529087,316.561208,
1641867009.996704,6.713320,9.391340,193.927380,0.007980,204.147145,
1641867010.197601,6.394027,9.718812,151.982373,0.511116,162.654180,
1641867010.396543,7.407350,10.184124,171.714662,0.007151,182.960225,
1641867010.596947,5.653690,8.218978,151.784896,0.424627,160.843208,
1641867010.796865,5.590149,8.230646,175.728923,0.004647,185.100087,
1641867010.996791,6.163979,8.691675,132.192935,0.407078,141.686584,
1641867011.196549,16.560262,22.249636,201.150656,0.009165,224.566562,
1641867011.396692,5.683884,8.107422,181.193543,0.440325,190.187301,
1641867011.597095,7.310940,10.668701,181.767235,0.005627,193.014445,
1641867011.796573,6.098480,8.781376,169.603338,0.573242,179.600641,
1641867011.996944,6.197559,8.599013,150.968782,0.013010,160.499063,
1641867012.196614,6.492011,9.106306,192.501389,0.576110,202.586732,
1641867012.396889,7.110986,9.731425,267.651305,0.005689,277.897696,
1641867012.696753,5.816326,8.790891,246.906610,1.026708,257.174240,
1641867012.896986,7.489583,10.042300,164.302413,0.013457,175.790637,
1641867013.096808,5.981396,8.416434,180.323916,0.455453,189.575944,
1641867013.296803,5.773145,8.114687,200.124263,0.005974,209.524234,
1641867013.497345,7.015802,9.453296,157.357333,0.720135,168.175195,
1641867013.696886,6.562664,8.935773,143.722858,0.005467,153.208559,
1641867013.897361,6.245701,8.601905,211.522721,0.512280,221.127931,
1641867014.097106,5.755928,8.270477,234.901058,0.010493,243.885046,
1641867014.396880,6.045675,8.369613,180.092912,0.530242,189.420354,
1641867014.597187,6.806845,9.268654,233.403068,0.008421,243.359648,
1641867014.797479,6.322427,8.943949,143.615402,0.530451,153.501688,
1641867014.996899,6.890626,9.520956,155.962707,0.012395,166.991856,
1641867015.196793,6.247015,8.651901,180.274386,0.933507,190.551170,
1641867015.397047,6.174238,8.682715,116.569918,0.006432,125.684909,
1641867015.697392,5.118248,7.246193,73.828686,1.024151,83.175143,
1641867015.896900,5.312764,7.869397,302.659870,0.005848,311.347967,
1641867016.196879,6.363456,9.062622,92.719094,0.468115,102.717805,
1641867016.397099,5.745133,8.355812,126.395824,0.009726,135.849417,
1641867016.597437,5.479462,7.904524,114.387912,0.560919,123.842551,
1641867016.796921,5.626574,8.014464,218.439364,0.006768,227.380473,
1641867016.997403,6.457224,8.912400,126.784622,0.468869,136.534097,
1641867017.197177,6.915900,9.678779,129.319503,0.005818,139.636820,
1641867017.396917,6.002564,8.262777,117.948223,0.545303,127.242191,
1641867017.597203,6.983929,9.456526,109.130496,0.009892,119.647629,
1641867017.796923,5.940430,8.813805,122.666336,0.719343,132.964507,
1641867017.997055,4.506690,6.644898,216.777498,0.006309,223.782593,
1641867018.197108,4.708148,7.555747,178.257202,0.437798,186.676959,
1641867018.397087,4.891202,7.437760,233.858138,0.005900,241.626598,
1641867018.597341,3.304909,5.127669,78.374717,0.428958,84.229454,
1641867018.796933,3.431115,5.452655,81.268439,0.005796,87.556583,
1641867018.997462,3.740198,6.300573,143.357184,0.478258,150.558136,
1641867019.197133,4.204656,6.499652,95.210289,0.007753,102.303750,
1641867019.496853,3.170067,5.063978,75.026529,0.672752,81.228537,
1641867019.797226,4.183172,6.491263,110.413394,0.008312,117.594901,
1641867019.996873,4.067243,6.360732,174.750161,0.500074,182.014889,
1641867020.197153,4.040812,6.682993,131.673573,0.013133,139.503356,
1641867020.397103,3.830058,6.077174,98.471096,0.657419,105.897185,
1641867020.597176,3.625982,5.924551,72.231385,0.004983,78.878896,
1641867020.797372,3.322318,5.380877,77.854844,0.466597,84.080077,
1641867020.996830,3.575323,5.746340,103.382848,0.007561,109.801552,
1641867021.197235,4.414581,7.339258,84.196651,0.625921,92.803665,
1641867021.397173,3.499242,5.669031,106.760693,0.008595,113.046949,
1641867021.597507,3.543553,5.772229,92.507053,1.089311,100.029162,
1641867021.797010,3.613152,5.692334,98.486665,0.010933,104.574473,
1641867022.097148,4.064427,6.807745,104.991044,0.568620,112.730846,
1641867022.396876,3.382209,5.395523,78.786230,0.012623,84.994366,
1641867022.697031,3.693342,5.773531,107.946706,0.433612,114.570941,
1641867022.897096,5.086237,8.011910,98.283352,0.013846,107.792778,
1641867023.297059,3.649776,5.521382,84.548229,0.424288,90.846851,
1641867023.497208,4.989463,7.968411,92.906186,0.012425,101.459745,
1641867023.696922,4.240132,6.443266,105.298649,0.767050,112.859349,
1641867023.996758,3.719917,5.695046,74.682544,0.008642,81.124704,
1641867024.197059,3.475443,5.720178,83.299434,0.600228,90.061206,
1641867024.497389,3.463287,5.389598,81.731898,0.008372,87.675978,
1641867024.696942,4.191985,6.682229,107.116911,0.479355,114.617991,
1641867025.096901,3.086935,4.747933,62.786630,0.452482,68.245061,
1641867025.397353,4.860991,6.933929,81.482695,0.004931,89.022781,
1641867025.596997,4.325425,6.317639,88.522623,0.517582,95.781710,
1641867025.796888,3.548564,5.553043,88.858719,0.005745,95.084836,
1641867025.997127,3.607852,5.593040,84.302920,0.514480,90.818895,
1641867026.196882,4.476292,6.332677,77.359109,0.013376,84.104861,
1641867026.397267,3.297612,5.157777,108.263790,0.472433,114.261924,
1641867026.597082,3.867778,5.843138,63.427259,0.010770,70.209857,
1641867026.796854,3.537758,5.445318,80.367290,0.456615,86.569438,
1641867026.997102,5.781798,8.511943,99.586199,0.012444,108.928986,
1641867027.296796,3.306633,5.165305,65.126417,0.409052,71.080092,
1641867027.497160,3.472520,5.357516,93.712807,0.010736,99.900206,
1641867027.696924,3.727914,5.763053,89.139450,0.478548,95.742673,
1641867027.896896,3.786673,5.687530,85.108205,0.006690,91.055214,
1641867028.097168,4.369045,6.346466,94.915701,0.495490,102.079198,
1641867028.296893,4.449076,7.099344,104.376525,0.009976,111.973757,
1641867028.497101,3.679730,5.713718,85.705144,0.431754,92.169161,
1641867028.697629,4.433879,6.330009,86.064385,0.008911,93.011364,
1641867028.996859,4.179489,6.320448,84.708244,0.422235,91.850922,
1641867029.197137,3.982572,5.962397,106.219124,0.005505,112.707030,
1641867029.396833,4.324114,6.202127,73.831507,0.585499,80.972915,
1641867029.597313,3.482592,5.265165,121.152132,0.008474,127.076085,
1641867029.797053,4.434179,6.846621,128.654190,0.479148,136.280768,
1641867029.996858,4.480578,6.473766,77.097778,0.018274,84.779755,
1641867030.197115,3.706955,5.543828,75.358971,0.500143,81.711076,
1641867030.497519,3.284007,5.016205,89.773738,0.455961,95.624552,
1641867030.697231,3.591661,5.494947,80.678018,0.009807,87.281847,
1641867030.996992,5.292828,7.275515,248.524729,0.510705,256.672673,
1641867031.197452,3.804633,6.072958,159.813883,0.007486,166.201895,
1641867031.397029,4.163180,6.541196,68.116231,0.545721,75.556990,
1641867031.897017,3.856119,5.466919,90.993751,1.006102,98.378920,
1641867032.297056,3.305007,4.976605,83.604419,0.564733,89.519219,
1641867032.497373,4.217359,6.498692,65.112681,0.006096,72.420352,
1641867032.696864,3.920434,5.736940,119.861876,0.523679,126.460705,
1641867032.897047,3.811889,5.794952,102.284734,0.005707,108.909900,
1641867033.097030,3.766246,5.743653,92.240911,0.433208,98.746617,
1641867033.297163,4.419482,6.846953,77.391116,0.006123,84.688543,
1641867033.497502,3.618707,5.493094,75.417202,0.528728,81.782486,
1641867033.697068,3.613342,5.671285,89.743145,0.004890,95.833977,
1641867033.897102,4.081817,6.073186,88.931927,0.503215,95.869752,
1641867034.197004,3.407772,5.294024,94.379271,0.562359,100.598212,
1641867034.396888,3.618728,5.549371,101.224131,0.005361,107.527223,
1641867034.597333,3.669362,5.596272,84.126046,0.756189,90.894753,
1641867034.797428,3.788941,5.889915,84.906424,0.005880,91.235903,
1641867034.997055,3.741790,6.118533,68.831446,0.432030,75.766508,
1641867035.197090,5.404400,7.727538,169.988764,0.009287,178.674979,
1641867035.397051,5.107003,7.202849,222.309263,0.701108,230.875223,
1641867035.597383,5.781850,7.851142,260.495782,0.007825,268.961564,
1641867035.896955,5.234298,7.474234,193.105755,0.543387,201.481701,
1641867036.097432,5.171985,7.329906,162.272557,0.005902,169.983812,
1641867036.297102,7.086030,9.827006,205.032762,0.494875,215.831720,
1641867036.497385,5.319348,7.483368,237.651952,0.007145,246.048589,
1641867036.697112,6.625472,8.799042,154.372598,0.771152,164.391950,
1641867036.897479,5.110399,7.263928,253.687619,0.014781,261.590829,
1641867037.097606,5.634572,7.771846,119.490026,0.770348,128.979732,
1641867037.297292,5.209613,7.411155,106.171327,0.004960,115.041295,
1641867037.497719,5.544222,7.779505,138.459241,0.481252,147.102849,
1641867037.797828,4.544883,6.426350,116.045384,0.005686,123.237968,
1641867037.997345,5.348087,7.417703,139.586272,0.470781,147.968796,
1641867038.197335,5.047451,7.388832,200.792344,0.008204,208.994777,
1641867038.397911,5.606302,7.916019,210.433249,0.784334,219.836519,
1641867038.697433,4.870182,7.249290,115.843726,0.008843,123.811526,
1641867038.897895,6.481241,9.204173,115.596216,0.584319,125.822246,
1641867039.097204,5.228369,7.622224,130.887179,0.006682,139.237393,
1641867039.297230,5.969144,8.180222,201.816077,0.489354,210.904672,
1641867039.497008,5.377495,7.876469,111.509726,0.007904,120.030531,
1641867039.697167,7.702718,10.724269,119.372131,0.466089,130.918932,
1641867039.897474,4.983464,7.196805,89.222527,0.005849,97.237750,
1641867040.097081,4.549151,6.547651,111.173533,0.507863,118.593973,
1641867040.297121,4.990536,7.356280,108.477954,0.006426,116.469347,
1641867040.497191,5.168359,7.694253,153.766728,0.511063,162.375501,
1641867040.696946,4.862398,7.034004,120.843069,0.006604,128.878766,
1641867040.897319,5.232115,7.459805,103.568159,0.509028,111.879507,
1641867041.097032,4.749667,6.844554,123.191870,0.005431,130.659051,
1641867041.297183,5.221080,7.510575,163.793515,0.006443,171.717968,
1641867041.497668,5.836412,8.091408,173.964468,0.587951,183.156767,
1641867041.697141,6.163678,8.371972,130.287516,0.009813,139.826160,
1641867041.897399,5.582209,7.769374,154.928587,0.007627,163.047449,
1641867042.097273,5.021839,7.204766,202.529297,0.509655,210.631456,
1641867042.297158,5.372631,7.643659,164.906032,0.005574,173.148721,
1641867042.497511,5.098248,7.321559,226.950715,0.008482,234.723700,
1641867042.697223,5.518010,7.683259,184.077352,0.915015,193.346486,
1641867042.996994,5.095288,7.342030,137.974260,0.005391,146.030208,
1641867043.197482,4.844768,7.056923,190.539316,0.005543,197.951721,
1641867043.397033,5.328952,7.640245,142.615584,0.835842,151.799416,
1641867043.597215,6.182296,8.508518,189.605789,0.004686,198.828628,
1641867043.897157,4.617426,6.679602,169.168387,0.006930,176.356015,
1641867044.097444,5.095628,7.437213,136.576396,0.844939,145.543253,
1641867044.297081,5.500288,7.794296,165.220663,0.012696,173.763002,
1641867044.497230,5.080991,7.484982,135.572059,0.005510,143.475877,
1641867044.897313,5.618245,8.186472,149.423471,0.840082,159.157813,
1641867045.197867,5.106267,7.743287,146.844331,0.009897,155.818707,
1641867045.397481,4.805115,7.063729,141.073491,0.011159,148.840404,
1641867045.597842,4.817945,7.231429,169.420299,0.555682,177.651125,
1641867045.997101,4.451938,6.252357,252.925444,0.005395,259.718876,
1641867046.297492,4.843656,6.997266,177.760141,0.741224,185.997614,
1641867046.497332,5.680219,7.835866,187.171411,0.005446,195.881021,
1641867046.697561,5.337666,7.624268,210.763370,0.008478,218.960772,
1641867046.897352,5.350819,7.926561,206.874361,0.012497,215.252070,
1641867047.196947,5.992722,8.262327,193.771906,0.998002,203.931444,
1641867047.397220,7.609786,10.755692,188.272575,0.012498,200.282544,
1641867047.597499,5.200210,7.356953,153.893739,0.007319,162.154096,
1641867047.797053,6.307940,9.317660,166.103517,0.011847,175.997856,
1641867047.997506,5.125752,7.223960,155.748587,0.547235,163.970609,
1641867048.197727,4.895996,7.010656,188.254788,0.005707,196.146016,
1641867048.397297,5.113533,7.284931,152.826270,0.008454,160.920213,
1641867048.597499,5.214552,7.457480,114.704899,0.006735,123.154771,
1641867048.797104,5.828626,7.942208,127.241759,0.554164,136.715507,
1641867048.997501,5.035930,7.120196,128.715641,0.014108,137.040571,
1641867049.197149,6.025482,8.427188,132.652541,0.005955,141.436502,
1641867049.397407,5.472758,7.448983,163.730072,0.007170,172.076364,
1641867049.697037,5.491877,7.479332,115.808820,0.646193,124.313014,
1641867049.897460,4.516674,7.300889,101.922220,0.007412,109.882848,
1641867050.097271,4.198331,6.131876,107.628433,0.006135,114.094274,
1641867050.297472,4.754976,6.926580,85.411642,0.486814,93.205528,
1641867050.497472,4.481871,6.484975,72.443041,0.004442,79.410469,
1641867050.697746,4.093183,6.643119,61.147530,0.005082,68.138258,
1641867050.897593,5.049023,7.474085,88.539009,0.005965,96.405436,
1641867051.097582,4.740867,6.822176,98.610107,1.024827,107.396988,
1641867051.297595,5.583551,8.060683,71.364035,0.006281,80.040834,
1641867051.497649,4.074068,6.004438,74.251153,0.005664,81.639616,
1641867051.697364,4.135339,6.150294,86.021349,0.011468,92.645822,
1641867051.897537,4.820100,7.397402,120.041468,0.505095,128.324030,
1641867052.097965,5.036121,7.028046,91.569700,0.009238,99.145600,
1641867052.297579,4.704540,7.329605,102.136136,0.008165,109.846001,
1641867052.497693,4.225393,6.272285,110.956942,0.009108,118.264188,
1641867052.697420,4.822673,6.864552,75.207551,0.576651,83.188520,
1641867052.897523,4.882542,6.931148,84.060192,0.007520,91.627298,
1641867053.097362,4.846823,6.938358,112.608953,0.017089,119.963948,
1641867053.297977,4.190413,6.235174,112.268134,0.010771,119.282451,
1641867053.497441,4.506418,6.832186,126.940267,0.559884,134.764633,
1641867053.697660,4.370904,6.450131,113.012203,0.010322,120.501733,
1641867054.097480,3.748942,5.583775,118.520359,0.007071,124.692361,
1641867054.297348,4.522909,6.628139,140.959853,0.489973,148.491887,
1641867054.497539,4.140401,6.194208,145.877555,0.007163,152.757963,
1641867054.797285,4.258658,6.380140,140.742768,0.008993,147.648767,
1641867054.997420,5.418704,7.880104,142.269969,1.002512,151.828601,
1641867055.297361,4.850535,6.781863,115.947908,0.010829,123.687245,
1641867055.497777,4.547988,7.075884,126.269637,0.012948,133.874510,
1641867055.697311,5.500518,7.555285,138.255002,0.492047,146.633768,
1641867055.897553,4.531468,6.530364,139.535141,0.012331,147.293168,
1641867056.097097,5.148188,7.176575,118.314061,0.011996,126.264936,
1641867056.297383,4.584939,7.112528,120.231836,0.005790,127.644404,
1641867056.497490,4.269293,6.462086,129.897369,0.529916,137.219451,
1641867056.797783,5.521869,7.458038,133.771325,0.005562,141.773993,
1641867056.997290,4.523023,6.599313,141.800260,0.012635,148.984365,
1641867057.197442,4.649525,7.211773,130.868764,0.708481,139.273520,
1641867057.497420,5.827128,8.343418,127.154471,0.009298,136.275930,
1641867057.697636,4.527080,6.986324,114.746127,0.006084,122.528474,
1641867057.897298,4.316624,6.441042,137.983677,0.632988,145.481037,
1641867058.097672,4.341923,6.550059,140.454256,0.004688,147.510971,
1641867058.497542,3.907800,5.654654,101.448816,0.009449,107.999349,
1641867058.698025,4.196764,6.217297,83.685009,1.044391,91.529949,
1641867058.897516,4.812153,6.868294,109.912400,0.010380,117.361967,
1641867059.097744,4.612691,6.739184,99.560520,0.006208,106.615328,
1641867059.297187,5.205996,7.301998,85.915120,0.010745,93.931396,
1641867059.497489,4.276412,6.426513,85.340040,0.733770,93.106411,
1641867059.697941,4.473199,6.485731,87.858979,0.011259,95.064264,
1641867059.897546,4.737210,6.779909,111.084298,0.005271,118.178443,
1641867060.097499,4.889370,7.474624,83.841224,0.014148,91.882000,
1641867060.297863,6.192790,8.264999,111.274199,0.847204,120.973720,
1641867060.497398,4.517449,6.479851,76.195427,0.017199,84.192996,
1641867060.697828,4.046000,6.046776,105.136101,0.007092,111.549815,
1641867060.897510,5.143607,7.239543,63.705277,0.009590,71.315995,
1641867061.097696,3.927125,6.127883,94.295266,0.717726,101.682945,
1641867061.297279,4.354111,6.637673,79.987892,0.005394,86.922494,
1641867061.497629,4.181970,6.238396,117.961820,0.008088,124.493162,
1641867061.697646,5.862457,8.494180,105.197535,0.004789,114.022459,
1641867061.897812,4.384213,6.469538,82.737071,0.591045,90.233499,
1641867062.097475,5.149022,7.593638,103.248562,0.005871,111.113359,
1641867062.297466,5.065703,7.359484,91.992571,0.007975,99.706473,
1641867062.497785,4.130799,6.288183,111.477574,0.008771,118.190132,
1641867062.697502,4.359158,6.443281,86.698194,0.754631,94.573791,
1641867062.897957,4.182990,6.269733,109.729463,0.009839,116.424119,
1641867063.097438,4.175746,6.874826,101.718090,0.012136,108.911145,
1641867063.297895,4.389425,6.763057,97.747053,0.009013,104.911321,
1641867063.497443,4.251056,6.337641,85.733180,0.678647,93.275035,
1641867063.697494,4.296707,6.488511,115.387714,0.005939,122.178012,
1641867063.897360,4.605976,6.944804,97.743958,0.020035,105.354288,
1641867064.197991,4.649136,6.764920,104.175087,0.604267,111.986006,
1641867064.397511,4.521160,6.634263,148.184759,0.014722,155.573187,
1641867064.597720,4.537467,6.780616,134.866866,0.007169,141.933296,
1641867064.797912,4.538617,6.666103,104.372633,0.007180,111.397914,
1641867064.997586,5.939516,8.696719,130.757565,0.686839,140.976362,
1641867065.197361,5.227490,7.475523,135.499397,0.008750,143.300826,
1641867065.397533,4.541091,6.734825,138.602737,0.005738,146.339517,
1641867065.597763,5.244815,7.484901,163.982765,0.011381,171.875673,
1641867065.798024,5.170242,7.329219,115.236527,0.582183,123.489924,
1641867066.097812,4.189408,6.120216,163.232587,0.006052,169.623972,
1641867066.297559,4.634851,6.984826,138.381578,0.012109,146.079770,
1641867066.497739,5.093584,7.487565,126.396092,0.880242,135.143211,
1641867066.697423,4.345860,6.529185,114.468306,0.008943,121.297383,
1641867066.897577,4.143372,6.397132,103.304015,0.006503,110.068561,
1641867067.097389,4.337478,6.670922,120.985640,0.010594,128.062660,
1641867067.297837,4.702387,6.834551,100.674278,1.024841,109.236743,
1641867067.497664,4.629497,6.695101,126.832886,0.006016,133.878030,
1641867067.697830,5.190511,7.600474,97.585289,0.008802,105.810133,
1641867067.897685,6.082260,8.818613,151.887364,0.610304,161.743162,
1641867068.097499,4.349670,6.490468,139.168060,0.006266,145.946289,
1641867068.297680,5.822777,8.038162,131.855056,0.010234,140.252977,
1641867068.497642,5.160289,7.352166,131.371452,0.561768,139.638292,
1641867068.697865,4.396370,6.653475,125.164255,0.010902,132.283923,
1641867068.897547,6.685674,8.855713,345.024568,0.006112,354.657280,
1641867069.197403,6.860302,9.373399,306.668260,0.660124,317.484472,
1641867069.497618,6.130850,9.943036,230.756416,0.006271,241.915157,
1641867069.797776,6.434390,8.718240,277.770411,0.551620,287.551844,
1641867070.097615,6.206569,8.500028,319.747986,0.006188,328.972719,
1641867070.397676,6.373857,8.769821,227.167196,0.578262,237.006688,
1641867070.597315,6.018447,8.441468,186.867217,0.010749,196.371476,
1641867070.797795,6.287659,8.518492,340.357837,0.006265,349.284156,
1641867071.197591,5.998756,8.244811,240.940412,0.621112,250.198996,
1641867071.397590,6.197026,8.583226,334.281123,0.008191,343.266627,
1641867071.797801,6.504562,8.865996,239.534867,0.566189,249.466891,
1641867071.998036,5.946007,8.179073,240.674501,0.009808,249.931746,
1641867072.297679,5.996447,8.228986,178.911716,0.565063,188.154561,
1641867072.497702,6.117258,8.703326,215.368375,0.007038,225.271656,
1641867072.698000,6.189275,8.566568,298.195719,0.011467,307.441499,
1641867072.997872,5.953174,8.456179,271.510006,0.646832,281.062063,
1641867073.297756,6.496958,8.713145,338.418987,0.005677,347.536487,
1641867073.597649,6.450834,10.116101,212.155062,0.763704,223.683226,
1641867073.797854,7.243330,9.681747,308.629024,0.006595,320.024807,
1641867074.197913,6.225622,9.132072,277.470175,0.677340,287.792649,
1641867074.397722,6.772554,9.224205,297.468151,0.006425,307.558746,
1641867074.798098,6.800606,9.435260,146.716023,0.585911,157.200978,
1641867074.997673,5.873054,8.077621,250.170412,0.006104,259.374455,
1641867075.198023,6.227043,8.557279,148.333061,0.011111,157.356219,
1641867075.397533,6.478970,8.779744,155.209393,0.617706,165.056035,
1641867075.597953,6.964271,9.200259,167.684206,0.008827,177.390360,
1641867075.797594,5.803495,8.061861,149.842946,0.008482,158.616069,
1641867075.997654,6.324678,8.719583,142.758457,0.816417,152.755771,
1641867076.197592,6.084193,8.582017,234.357261,0.005316,243.800549,
1641867076.397808,6.292054,8.681023,188.102038,0.007480,197.457752,
1641867076.598283,6.003063,8.358164,179.673271,0.555974,189.016301,
1641867076.797789,7.457877,9.771980,182.826338,0.006348,193.565601,
1641867076.997934,6.446545,8.908541,159.665728,0.006613,169.048375,
1641867077.197623,6.265976,8.695946,200.251714,0.721027,210.234345,
1641867077.398017,5.986704,8.431669,161.033256,0.011284,170.347278,
1641867077.597918,6.113250,8.422038,156.393202,0.013533,165.329892,
1641867077.797992,6.186116,8.574147,162.857144,0.549662,172.388091,
1641867077.998140,5.952687,8.355240,153.190731,0.008776,162.592622,
1641867078.197663,10.487626,14.068868,178.308911,0.010344,193.171074,
1641867078.398179,6.732883,9.380423,158.476801,0.678899,169.012016,
1641867078.597839,7.114593,9.639208,154.524282,0.007556,164.854462,
1641867078.797768,6.223521,8.556591,209.399136,0.009091,218.934046,
1641867078.997880,7.382537,9.843774,170.184426,0.678264,181.242645,
1641867079.298355,6.704913,8.974350,162.469403,0.013798,172.947819,
1641867079.498076,6.489086,9.072784,142.069557,0.012870,151.598627,
1641867079.698479,7.278080,9.746329,178.092188,0.882106,189.284659,
1641867079.898024,7.960080,10.520670,223.565834,0.017224,234.868227,
1641867080.097909,7.193460,10.505689,240.568050,0.007821,252.060902,
1641867080.298164,8.328522,11.045741,147.230697,0.750320,159.479069,
1641867080.497877,7.045813,9.582025,208.356386,0.012554,218.735294,
1641867080.698414,6.792231,9.468965,203.306920,0.010344,213.348584,
1641867080.898025,6.772880,9.782179,203.448270,0.681590,214.351832,
1641867081.097722,9.305334,11.972362,181.637454,0.011995,194.699858,
1641867081.297810,7.517617,10.279984,152.447265,0.004990,163.615796,
1641867081.498159,6.353325,8.755028,172.193199,0.810127,182.271683,
1641867081.697821,6.808369,9.498701,188.045049,0.006090,198.694185,
1641867081.898497,6.593178,9.351030,184.067209,0.007872,194.371273,
1641867082.097929,7.484906,10.117685,175.507693,0.668697,186.762839,
1641867082.297925,6.691066,9.262738,175.782386,0.010079,187.109728,
1641867082.498329,6.397387,9.069062,163.368203,0.009488,173.785233,
1641867082.697914,6.275310,9.822044,146.306083,0.784700,157.449314,
1641867082.898050,6.848336,9.387857,194.898507,0.006236,205.570815,
1641867083.097885,9.099963,11.706781,178.071739,0.009250,190.370430,
1641867083.298327,6.975897,9.454944,160.885895,0.665254,171.421953,
1641867083.497853,6.081665,8.398587,231.261890,0.009484,240.909444,
1641867083.698184,7.232234,9.740153,279.756505,0.009035,290.457694,
1641867083.998307,7.551673,10.129077,370.912352,0.884058,382.441642,
1641867084.397817,7.056803,10.090019,244.337850,0.007195,255.109089,
1641867084.598314,7.047592,9.544095,355.686028,0.740456,366.455660,
1641867084.997654,7.256043,10.025097,317.727354,0.007148,328.743024,
1641867085.297673,7.107908,9.956920,327.645938,0.640337,338.690183,
1641867085.697965,6.773754,9.701105,359.470513,0.007107,370.333839,
1641867085.997820,8.381303,10.917421,331.316566,0.697232,343.479223,
1641867086.397692,6.633186,9.189534,389.565399,0.005947,399.133239,
1641867086.798320,6.733064,9.345154,430.225337,0.600559,440.578680,
1641867087.197622,7.679954,10.942518,138.202995,0.006285,150.386371,
1641867087.397874,7.241522,9.873950,353.927496,0.792832,365.181195,
1641867087.698466,7.474424,10.260697,282.858122,0.006314,294.212940,
1641867087.997962,7.733634,11.772115,196.405621,0.655191,209.355520,
1641867088.198302,7.171578,9.694166,203.803440,0.006540,214.364492,
1641867088.498474,7.048904,9.694621,185.875616,0.007017,196.589834,
1641867088.698055,7.329737,10.238119,234.696866,0.972427,246.796924,
1641867088.998536,6.042791,8.825099,270.545283,0.011604,280.713550,
1641867089.197859,8.806180,12.690365,296.005936,0.008771,310.432322,
1641867089.498042,7.136418,9.678686,240.341682,0.593174,251.166013,
1641867089.798273,6.645351,9.652111,248.350564,0.009367,258.829201,
1641867089.997881,8.309342,10.992703,213.270852,0.011375,225.142703,
1641867090.298353,6.886089,9.511780,213.823063,0.680356,224.526254,
1641867090.497936,6.677420,9.262206,181.743727,0.006795,191.683359,
1641867090.698240,6.883039,9.416500,216.907877,0.027265,227.172576,
1641867090.897812,6.800486,9.526124,215.139933,0.577597,225.729021,
1641867091.198145,6.900478,9.514716,212.271624,0.006709,222.424617,
1641867091.498187,5.435274,7.427883,285.246354,0.006829,293.393358,
1641867091.697904,7.037817,9.823840,395.167042,0.606155,406.116633,
1641867092.098359,10.208846,13.030676,274.186066,0.006605,288.626711,
1641867092.397852,7.173527,9.647861,303.494855,0.812257,314.940412,
1641867092.698252,6.939917,9.473879,330.974806,0.005125,341.667331,
1641867093.098119,7.305818,10.172167,330.721347,0.658246,341.972333,
1641867093.398112,6.904902,9.754695,273.766728,0.010700,285.200443,
1641867093.698052,7.395100,10.056399,252.838038,0.601569,263.907631,
1641867093.997844,6.782523,9.485606,276.723313,0.006426,287.209290,
1641867094.298012,7.982702,10.823771,322.900625,0.709210,334.865443,
1641867094.598085,8.783805,11.214800,121.663097,0.008423,133.821396,
1641867094.798311,6.889327,9.782183,234.875598,0.607868,245.712193,
1641867094.998014,6.617628,9.529980,190.241309,0.010493,201.153130,
1641867095.198253,7.690817,10.273421,158.941923,0.006535,170.033023,
1641867095.398227,7.486698,10.070108,134.858207,0.734707,146.122390,
1641867095.598006,6.088502,8.479811,162.697336,0.012589,172.743835,
1641867095.798516,5.932704,8.301020,137.940573,0.005982,147.501301,
1641867095.998005,6.128365,8.311361,138.637678,0.760495,148.229954,
1641867096.198413,5.829590,8.211643,178.220004,0.009905,187.387743,
1641867096.397981,7.729084,10.298755,159.196319,0.012046,170.099342,
1641867096.598076,6.160111,8.521260,152.791490,0.644206,162.464095,
1641867096.898617,6.130923,8.259443,184.379195,0.008071,193.721176,
1641867097.098040,8.971196,12.752573,181.235934,0.004490,194.933920,
1641867097.397858,6.525302,8.797345,214.649551,0.738927,224.695844,
1641867097.598163,7.398287,9.796075,188.588257,0.008052,199.534926,
1641867097.797896,7.400790,10.416897,174.046078,0.008945,185.042745,
1641867097.998135,7.918613,10.545109,150.060256,0.006588,161.170483,
1641867098.198171,8.509489,12.136340,191.267043,0.637755,204.524539,
1641867098.398711,6.597842,9.096443,200.819558,0.009278,211.397539,
1641867098.598106,8.729474,11.390715,213.351990,0.012540,225.380350,
1641867098.798308,6.981000,9.536418,167.892423,0.017820,178.119872,
1641867098.998261,6.838857,9.439177,180.390161,0.681184,191.036831,
1641867099.198480,8.883719,11.527493,145.948293,0.011571,158.272798,
1641867099.398387,6.372155,8.664257,173.385332,0.008999,182.753630,
1641867099.698781,5.282353,7.288374,147.790199,0.643611,156.205866,
1641867099.998708,5.859969,7.995630,116.875454,0.007181,125.502691,
1641867100.198206,5.544508,7.944440,164.532117,0.010829,172.987620,
1641867100.398410,5.457321,8.099618,162.082900,0.638993,171.239730,
1641867100.598213,5.436898,7.774733,175.497884,0.006203,183.874312,
1641867100.798421,6.893833,9.378428,147.366501,0.004916,157.271718,
1641867100.998289,6.716131,9.130194,156.192569,0.669022,166.444706,
1641867101.198471,7.032881,9.352660,150.103165,0.006861,160.506057,
1641867101.397988,5.692964,8.527065,148.126023,0.004992,157.017523,
1641867101.598600,5.327794,7.651433,122.271228,0.630051,131.040499,
1641867101.798239,5.346964,7.547537,241.358618,0.009558,249.648141,
1641867101.998165,5.727565,8.088683,167.347381,0.005486,175.762649,
1641867102.298051,5.373304,7.672004,176.123088,0.642681,184.869524,
1641867102.498255,5.478772,7.883158,156.092470,0.008427,164.683193,
1641867102.697994,6.254721,8.917684,166.042404,0.005617,175.345762,
1641867102.898154,5.707896,8.039494,121.398305,0.628327,130.526283,
1641867103.097964,5.623859,7.940012,136.732447,0.005832,145.584625,
1641867103.298220,5.374322,7.749674,147.408508,0.009325,155.693313,
1641867103.598077,5.060938,7.156324,111.181820,0.634562,119.405099,
1641867103.798458,7.165165,10.094901,157.346980,0.010505,168.287815,
1641867103.997919,5.506892,7.847553,130.641907,0.008058,138.936925,
1641867104.198449,5.735190,8.052768,127.690709,0.590046,136.757911,
1641867104.398165,5.847137,8.273423,243.236326,0.007168,252.184399,
1641867104.698454,5.899959,8.491992,165.996282,0.004939,174.908887,
1641867104.898110,5.498064,7.815236,201.461126,0.924908,211.248544,
1641867105.098369,6.332018,8.791857,185.970785,0.005388,195.539814,
1641867105.298194,5.568566,8.017140,163.419771,0.005367,171.805668,
1641867105.498455,7.009909,9.409854,178.660078,0.813894,189.435891,
1641867105.698758,6.239413,8.695303,180.443710,0.008540,190.002299,
1641867105.898216,6.350646,8.913351,181.852308,0.008053,191.223628,
1641867106.098420,5.790741,8.062422,224.438522,0.710009,233.703770,
1641867106.398402,5.405037,7.638642,209.799028,0.010527,218.599300,
1641867106.698270,5.706244,7.957628,161.332509,0.903903,170.782097,
1641867106.898319,6.163733,8.760989,232.721709,0.012365,242.609859,
1641867107.098291,6.690398,9.505258,204.439633,0.006597,214.324564,
1641867107.298773,7.177397,9.866484,207.741219,0.635768,218.661399,
1641867107.498296,6.074651,8.503920,175.140881,0.007506,184.610290,
1641867107.698464,5.872229,8.282754,201.840562,0.005761,211.397501,
1641867107.998185,5.897416,8.130037,304.922821,0.613499,314.121189,
1641867108.298715,8.008175,10.556098,197.116040,0.015031,208.644213,
1641867108.498503,6.543755,9.130536,158.236631,0.737503,168.582979,
1641867108.698090,6.189151,8.581695,171.461724,0.006285,180.856847,
1641867108.898545,6.356498,8.762492,145.495099,0.008099,154.646430,
1641867109.098188,5.303643,7.486917,139.191113,0.666154,147.784931,
1641867109.298640,6.090834,8.124533,141.703872,0.007922,150.943413,
1641867109.498271,5.648297,7.943477,147.641410,0.008926,156.297967,
1641867109.698116,7.137153,9.486223,139.633260,0.739272,150.301412,
1641867109.898309,6.111879,8.549644,269.616601,0.006070,278.747726,
1641867110.098046,6.787751,10.256104,172.623094,0.010105,183.582891,
1641867110.298299,6.287942,8.797279,136.451114,0.727152,146.585668,
1641867110.498236,6.266430,8.656810,142.475993,0.011537,151.765689,
1641867110.698658,6.481891,8.614380,158.257619,0.007447,167.895482,
1641867110.998415,5.189086,7.393700,164.840194,0.649547,173.301810,
1641867111.198121,7.228926,9.532093,223.698818,0.005130,234.076177,
1641867111.398441,6.444337,8.766267,154.129400,0.004967,163.594611,
1641867111.698477,5.496668,7.690776,129.518061,0.627874,138.256296,
1641867111.898057,5.770169,8.029503,112.444494,0.008406,121.192946,
1641867112.098224,5.659927,8.001873,107.425282,0.006716,115.813673,
1641867112.297970,5.842498,8.172475,129.536332,1.080466,139.638544,
1641867112.498099,6.034650,8.347841,131.326487,0.006281,140.350278,
1641867112.698257,5.810579,8.228390,144.249693,0.005744,153.105735,
1641867112.898508,7.264167,9.610983,142.336468,0.668089,153.427647,
1641867113.098185,6.109310,8.490718,148.983857,0.014045,158.484459,
1641867113.298340,6.150489,8.470267,150.026441,0.742501,159.747474,
1641867113.498760,5.927000,8.275646,145.188065,0.010006,154.716273,
1641867113.698570,6.454501,8.729269,316.233981,0.008292,325.755799,
1641867113.998374,6.490509,8.903849,309.933869,0.694766,319.940640,
1641867114.298261,7.197083,9.629156,260.608008,0.005724,270.955475,
1641867114.598799,7.324339,9.662975,244.741366,0.756354,255.581058,
1641867114.798411,6.709430,8.989573,282.391464,0.009484,292.240092,
1641867115.098426,7.614015,10.091407,283.118147,0.686795,294.367208,
1641867115.298656,7.911846,10.439080,298.406175,0.005675,309.499375,
1641867115.698313,7.077538,9.705848,381.168214,0.629686,391.869263,
1641867116.098360,7.129448,9.554547,326.565414,0.716077,337.358814,
1641867116.398741,7.096173,9.582665,393.301533,0.006124,403.271561,
1641867116.798608,6.930842,9.825398,205.924652,0.619040,216.883995,
1641867117.098484,6.935022,9.599171,205.932737,0.008593,216.754835,
1641867117.398416,5.722506,8.439351,241.045473,0.690765,250.672305,
1641867117.598544,7.617492,10.187551,308.781171,0.015001,319.937952,
1641867117.898298,6.939704,9.789087,239.338462,0.739705,250.431392,
1641867118.198440,6.900626,9.488502,276.896905,0.005153,287.254004,
1641867118.498562,7.021081,9.598959,259.203810,0.774089,270.106787,
1641867118.698201,8.475703,11.060478,315.416628,0.013362,327.741462,
1641867119.098345,6.892765,9.528824,162.738978,1.245885,174.167025,
1641867119.498422,5.225516,7.420927,132.557335,1.197718,141.707208,
1641867119.698664,6.493402,9.176541,174.674936,0.012722,185.089299,
1641867119.898257,6.528711,9.022022,223.748244,0.637690,233.925148,
1641867120.098851,6.324270,9.300066,410.052782,0.005793,419.798126,
1641867120.398615,6.709314,9.449312,398.669026,0.755303,409.291472,
1641867120.898580,6.643856,9.351177,244.696407,0.789796,255.252117,
1641867121.198342,6.887605,9.601277,269.746226,0.011268,280.663004,
1641867121.398903,7.329661,10.266426,269.602737,1.252023,282.266611,
1641867121.698833,7.295805,10.123779,106.995625,0.009490,118.101248,
1641867121.898448,7.681847,10.289140,194.793911,1.320543,207.073181,
1641867122.098856,6.779878,9.449847,134.209605,0.007412,144.688974,
1641867122.298374,6.218730,8.576315,166.272409,0.628713,175.960116,
1641867122.498538,6.923007,9.291430,113.458171,0.007887,123.777038,
1641867122.698330,6.407493,8.527542,97.619569,0.007408,106.544852,
1641867122.898511,6.505784,8.802320,119.963262,1.155473,130.454564,
1641867123.098558,6.515919,8.773303,138.362073,0.005622,147.780325,
1641867123.298404,6.077084,8.480157,100.085558,0.010524,109.438952,
1641867123.498652,7.910655,10.761095,171.214714,0.762855,183.226561,
1641867123.698247,6.987183,9.467316,141.269951,0.007704,151.806449,
1641867123.898332,6.229257,8.577657,120.663385,0.007575,130.023215,
1641867124.098579,5.960441,8.299531,200.172312,0.755433,209.757811,
1641867124.398667,5.853173,8.140801,150.823152,0.008378,159.880366,
1641867124.598407,7.668604,11.316687,117.232113,0.730838,129.791098,
1641867124.798575,5.751156,8.078165,134.652078,0.005361,143.227452,
1641867124.998723,5.313045,7.730564,125.176656,0.008336,133.274722,
1641867125.198424,5.369508,7.745890,171.157223,0.868145,180.301201,
1641867125.398924,5.685524,8.027840,125.697918,0.006745,134.330934,
1641867125.598286,5.191532,7.457062,156.540837,0.012817,164.660085,
1641867125.798484,5.712035,8.102204,170.064390,0.746295,179.379760,
1641867125.999032,5.327141,7.596269,124.596345,0.005989,132.850987,
1641867126.198534,5.886271,8.117507,149.345454,0.005774,158.140417,
1641867126.498307,5.780094,7.934934,161.723883,0.800666,170.911615,
1641867126.698549,8.354628,11.788315,138.474506,0.008004,150.771166,
1641867126.898908,5.313455,7.595604,170.113335,0.005469,178.279453,
1641867127.098578,5.338364,7.648328,159.697098,0.609235,168.407727,
1641867127.298990,5.739370,8.036645,169.061682,0.006184,177.915921,
1641867127.498499,5.642717,8.059259,145.295101,0.004912,153.926214,
1641867127.698274,5.163197,7.547984,154.736390,0.005781,162.722660,
1641867127.898606,5.628717,7.940129,189.338344,0.823517,198.669083,
1641867128.099032,7.221645,10.244214,192.399533,0.008586,203.243146,
1641867128.298407,6.247581,8.706779,163.599853,0.012449,172.821526,
1641867128.499041,5.783845,8.032426,193.564601,0.926009,202.915475,
1641867128.698568,5.674145,8.105792,175.105995,0.005772,184.002614,
1641867128.898931,7.144336,9.602373,160.966274,0.008748,171.057850,
1641867129.098479,5.563301,7.936297,166.300962,0.829819,175.505905,
1641867129.298963,5.373778,7.705836,178.393441,0.007740,186.762630,
1641867129.498348,6.489953,8.920672,174.614441,0.009247,184.135411,
1641867129.698484,5.766184,8.552319,159.631837,0.736787,169.387264,
1641867129.898806,5.762990,8.141806,214.851740,0.007462,223.732799,
1641867130.099058,6.191254,8.665332,201.946431,0.794386,211.966012,
1641867130.298602,6.450756,8.991703,240.493532,0.006527,250.756287,
1641867130.498834,8.746815,11.466538,395.110545,0.631435,407.629757,
1641867130.798832,6.766545,9.313850,354.865025,0.004950,365.339411,
1641867131.298655,6.721491,9.201490,389.342256,0.667166,399.680935,
1641867131.698798,6.416997,8.937325,221.972243,0.008900,232.124740,
1641867131.899056,6.634461,9.169866,161.036216,0.740651,171.407107,
1641867132.098531,6.621762,9.139434,158.645091,0.006766,168.431966,
1641867132.298708,6.321654,9.647973,159.249303,0.011777,169.757059,
1641867132.499086,7.585552,10.085481,167.121410,0.617707,178.255826,
1641867132.799074,5.720020,7.614036,148.988093,0.009988,157.198573,
1641867132.998662,5.787320,8.211787,183.584285,0.728651,192.975938,
1641867133.198776,6.091809,8.508117,139.386776,0.009150,148.666629,
1641867133.398467,7.382157,10.453919,140.377336,0.007478,151.708773,
1641867133.598807,5.584157,7.922859,159.399251,0.614955,168.342785,
1641867133.799168,5.754838,8.082998,172.199934,0.007645,181.584911,
1641867133.998878,6.077355,8.390311,218.435483,0.012513,227.536042,
1641867134.198972,6.574085,9.101731,231.036690,0.894480,241.636974,
1641867134.398638,6.500554,10.024430,209.016575,0.006531,219.982080,
1641867134.598921,7.122905,9.647260,194.425668,0.008765,204.645649,
1641867134.798887,6.647849,9.146934,154.961712,0.690090,165.270784,
1641867134.998848,7.197038,10.172261,184.534089,0.008430,195.770044,
1641867135.198774,6.680152,9.391673,143.229563,0.010720,153.521189,
1641867135.398882,6.520150,9.033074,130.164637,0.902591,140.600017,
1641867135.598631,5.551669,8.004604,139.023512,0.010469,147.933193,
1641867135.798842,5.242861,7.252903,152.714658,0.006758,160.371373,
1641867135.998686,5.523362,7.586667,107.158228,0.712998,116.244267,
1641867136.198763,5.669228,7.920360,105.258216,0.009702,114.169587,
1641867136.399301,5.722596,7.985988,218.607560,0.692467,227.692394,
1641867136.598816,6.157084,8.605527,165.569917,0.010291,175.091752,
1641867136.798875,6.188860,8.699916,152.397156,0.700206,162.275496,
1641867136.998927,5.955660,8.276085,190.323358,0.019023,199.364382,
1641867137.198956,5.832688,8.204332,168.600380,0.725012,178.067315,
1641867137.399072,6.353259,8.584852,338.126025,0.006005,347.802372,
1641867137.699292,6.776035,9.319689,238.322346,0.875706,248.997334,
1641867137.898966,7.407645,9.915466,268.038760,0.012623,279.349995,
1641867138.198828,6.756426,9.455156,248.937960,0.661102,259.609615,
1641867138.399032,7.236416,9.710543,265.985754,0.008023,276.054750,
1641867138.798866,6.874398,9.383852,264.951833,1.093727,275.939141,
1641867138.999143,6.877332,9.872627,368.854274,0.010709,380.534878,
1641867139.399086,9.410811,11.892413,328.897913,0.746386,342.106581,
1641867139.798924,7.210306,9.831586,322.008110,0.663552,332.974796,
1641867140.098741,6.982012,9.859480,206.899661,0.008459,217.763760,
1641867140.298663,7.270494,9.993047,235.601810,1.343386,247.691471,
1641867140.599036,7.876470,10.541881,186.207310,0.006830,198.055872,
1641867140.798740,7.261397,9.749199,163.141441,0.652351,174.046756,
1641867140.998911,6.702693,9.151930,149.330477,0.008001,159.109436,
1641867141.198802,6.564625,8.777500,209.845945,0.656275,219.798344,
1641867141.398907,7.072640,9.593002,279.062694,0.006746,289.713213,
1641867141.598534,7.132431,9.808521,265.845059,1.135675,277.776418,
1641867141.899066,6.881371,9.445480,411.343441,0.006128,421.244693,
1641867142.299150,7.280227,9.857631,315.171997,1.295170,326.929052,
1641867142.699272,6.761862,9.368020,356.790652,1.247874,368.570740,
1641867142.998924,7.273427,9.854014,193.722895,0.010859,204.875343,
1641867143.298630,7.157186,9.981079,400.534806,0.838486,412.027109,
1641867143.698650,7.727503,10.441014,256.340590,0.741462,268.165175,
1641867143.898955,8.552767,11.576972,172.915990,0.005054,185.685486,
1641867144.198663,6.566500,8.977702,178.356916,0.759435,188.516477,
1641867144.399040,6.445074,8.995160,153.628053,0.007943,163.071287,
1641867144.598864,6.930329,9.172927,365.964525,1.686876,378.133862,
1641867144.899166,7.788825,10.363157,159.005681,0.013035,170.485567,
1641867145.098861,7.107787,9.651819,304.198806,0.844245,315.411910,
1641867145.699023,6.257188,8.231588,177.578612,0.915102,187.331556,
1641867145.898710,6.568018,9.189797,112.364741,0.005823,122.786677,
1641867146.098970,6.328952,8.779420,112.308770,0.765596,122.388818,
1641867146.298742,6.053807,8.382567,150.533848,0.009111,159.786381,
1641867146.698631,5.323801,7.488672,114.083660,0.777600,122.862756,
1641867146.898822,6.028873,8.324284,96.067590,0.010909,105.471097,
1641867147.099242,6.080212,8.351239,198.418505,0.837598,208.143675,
1641867147.298972,6.439947,8.974178,77.764335,0.007301,87.700221,
1641867147.499088,6.050585,8.338964,96.723358,0.859797,106.532583,
1641867147.698936,6.022425,8.244545,166.503461,0.005922,175.333415,
1641867147.998718,5.729535,8.067088,96.770781,0.719081,106.092013,
1641867148.199082,5.638511,8.018019,151.909183,0.007034,160.568876,
1641867148.399104,5.947082,8.373185,142.417858,0.005577,151.228316,
1641867148.699094,5.255517,7.378733,118.636859,0.719020,127.198953,
1641867148.898936,5.232126,7.585525,186.249770,0.010832,195.019138,
1641867149.098673,6.801350,9.305339,209.047057,0.010267,218.872840,
1641867149.298913,5.687641,8.216730,130.725033,0.784047,140.105167,
1641867149.499230,6.036788,8.488757,103.359833,0.014183,112.967509,
1641867149.698956,5.742549,8.109279,145.967554,0.014099,154.974845,
1641867149.898835,5.489884,8.286898,143.651989,1.340558,154.165142,
1641867150.099302,6.464867,8.817132,141.624418,0.006236,151.240167,
1641867150.298970,5.215223,7.462274,137.794498,0.009991,146.159354,
1641867150.498968,5.634874,8.168906,210.988894,0.694930,220.250534,
1641867150.698631,6.184342,8.562454,170.134723,0.008613,179.202103,
1641867150.899089,6.493189,9.014019,101.157056,0.006387,110.863213,
1641867151.099534,5.548415,7.770287,189.131789,0.007673,197.327962,
1641867151.298946,5.962644,8.464817,106.118012,0.789725,116.077881,
1641867151.499145,5.728136,8.033710,141.697450,0.006873,150.817264,
1641867151.698730,5.532286,7.861730,196.197294,0.005828,204.928475,
1641867151.899032,6.276435,9.164577,130.443172,0.008214,140.008527,
1641867152.098686,5.628725,8.008381,165.705380,0.762286,174.906354,
1641867152.299274,5.432824,7.782873,194.170185,0.005750,202.519361,
1641867152.498697,6.361131,9.156597,157.860894,0.005522,167.461850,
1641867152.699198,5.601273,7.984901,135.390093,0.668541,144.501460,
1641867152.898874,5.482223,7.739062,132.788249,0.010224,141.432543,
1641867153.099261,7.998117,11.403311,162.673564,0.009840,174.570379,
1641867153.399181,5.865436,7.944428,141.396828,0.849400,150.857643,
1641867153.598749,5.241509,7.485276,127.581184,0.008692,135.687804,
1641867153.798972,7.987605,11.390259,123.761535,0.006404,135.614779,
1641867153.998831,5.657758,7.915011,127.860307,0.781457,136.953495,
1641867154.199258,5.860142,8.286644,138.288237,0.006247,147.285608,
1641867154.398936,7.247222,10.335509,125.165358,0.009225,135.935558,
1641867154.698878,5.038215,7.112004,141.291036,0.704174,149.616284,
1641867154.899101,7.391152,10.130433,123.070812,0.015048,134.625578,
1641867155.099017,5.413518,7.687749,122.399577,0.008918,130.521650,
1641867155.298801,5.620457,8.544968,158.214930,0.005752,167.216533,
1641867155.498984,6.539599,8.907578,143.585661,0.740763,153.708297,
1641867155.699029,7.925374,11.286177,124.530567,0.008351,136.687170,
1641867155.899325,5.908547,8.303248,136.626654,0.007729,145.402477,
1641867156.099129,5.245500,7.714710,143.366867,0.644724,152.176726,
1641867156.298904,5.896882,8.195150,197.419907,0.007854,206.474276,
1641867156.499044,5.758640,8.200300,154.714534,0.009420,163.404667,
1641867156.698920,6.184280,8.844181,144.845215,0.859245,154.997733,
1641867156.899462,5.846912,8.187238,124.716673,0.005537,133.613933,
1641867157.099368,7.103576,10.181552,133.148802,0.007724,143.822048,
1641867157.299493,5.370709,7.600950,135.958549,0.705565,144.720145,
1641867157.498940,6.712550,9.190002,162.532752,0.007572,172.596444,
1641867157.699268,5.948981,8.352741,181.028669,0.012311,190.005829,
1641867157.898942,5.726940,8.166149,135.984376,0.653701,145.169381,
1641867158.099272,7.498615,10.640586,199.157840,0.011206,210.710792,
1641867158.299160,6.157530,8.785786,159.427449,0.005254,168.592799,
1641867158.498851,5.801969,8.147434,159.770820,0.842113,169.212793,
1641867158.699394,5.817704,8.222923,178.251238,0.011276,187.347678,
1641867158.898967,5.535350,8.057576,125.909130,0.009145,134.404221,
1641867159.099261,6.062318,8.410452,146.250537,1.317988,156.840426,
1641867159.299088,5.628895,7.973977,102.488580,0.006572,111.444278,
1641867159.499131,5.715600,8.094260,114.387511,0.897408,123.960372,
1641867159.698794,5.223151,7.566235,93.091084,0.007128,101.369929,
1641867159.899086,5.531553,7.844399,153.744859,0.860224,162.839407,
1641867160.099616,5.298878,7.653481,104.885307,0.010433,113.648496,
1641867160.299188,6.081453,8.591088,120.138309,0.734157,129.904891,
1641867160.498889,5.470926,8.065719,93.107628,0.006262,101.904569,
1641867160.699172,7.315687,10.295220,98.207247,0.876158,109.860540,
1641867160.899495,5.327164,7.510031,174.462422,0.011589,183.025255,
1641867161.099058,5.836410,8.178646,145.635727,0.729726,154.950177,
1641867161.299480,5.826485,8.221359,129.374654,0.005982,138.605857,
1641867161.499024,5.089143,7.297922,131.675710,0.765628,140.219645,
1641867161.699225,6.759213,9.109235,109.314238,0.008259,119.010355,
1641867161.899461,5.506466,7.814334,133.405003,0.799712,142.502289,
1641867162.099205,5.063040,7.338980,122.175669,0.011615,130.034675,
1641867162.299622,5.306838,7.513117,136.942761,1.007318,145.926903,
1641867162.499201,5.530854,7.923107,144.107904,0.005931,153.008509,
1641867162.699579,5.140804,7.333019,125.354523,0.772226,133.980237,
1641867162.899013,5.285747,7.586898,96.108049,0.006023,104.347220,
1641867163.299084,6.332891,9.012875,107.666993,0.922821,118.562351,
1641867163.499521,5.328486,7.671862,87.209603,0.006563,95.812180,
1641867163.698906,5.299477,7.594294,76.446733,0.876268,85.534472,
1641867163.899284,5.904406,8.134098,88.868812,0.011852,97.759758,
1641867164.099540,5.757377,8.152635,112.023400,0.759189,121.313668,
1641867164.299054,5.843612,8.210594,106.936433,0.006207,115.893062,
1641867164.499323,5.616395,7.936817,115.582506,0.786643,124.703848,
1641867164.699070,5.862221,8.240496,96.123825,0.006158,104.813342,
1641867164.899179,5.479348,7.758527,80.444597,0.774680,89.552855,
1641867165.198994,6.152479,8.604159,95.923581,0.006412,105.563402,
1641867165.399093,5.467164,7.640902,98.220665,0.981212,107.328565,
1641867165.599612,5.950187,8.242655,91.878188,0.005622,100.874683,
1641867165.799102,6.119658,8.441167,71.048528,0.909628,81.233718,
1641867165.999578,5.931972,8.111879,70.966535,0.010256,80.361114,
1641867166.199038,5.379109,7.780782,96.380064,0.738076,105.419399,
1641867166.399045,5.759187,8.005089,59.978075,0.008956,68.504401,
1641867166.599541,6.354539,8.541398,108.944125,0.989746,118.887723,
1641867166.799313,5.574522,7.864323,74.159335,0.008309,83.056595,
1641867166.998845,7.015829,9.256824,83.155675,0.719605,93.587670,
1641867167.199250,5.851127,8.207887,101.962434,0.005863,110.783562,
1641867167.399540,5.676300,8.007709,97.627032,0.907096,106.987429,
1641867167.599185,5.939236,8.245487,72.792976,0.011874,82.202620,
1641867167.798963,5.533655,7.683277,61.923491,1.124577,71.281061,
1641867167.999306,5.528271,7.660163,94.589536,0.015487,102.984026,
1641867168.198800,6.383244,8.614920,60.786023,0.721538,70.592940,
1641867168.499057,6.514800,8.995125,74.543655,0.719355,84.762468,
1641867168.699450,5.374549,7.501654,92.369476,0.008266,101.044892,
1641867168.899391,7.374028,9.687982,84.606628,0.893569,95.770938,
1641867169.098993,5.509198,7.820838,86.052894,0.004961,94.814263,
1641867169.299160,5.715662,7.953201,77.745386,0.760863,86.858337,
1641867169.499457,7.023404,9.159741,63.728689,0.008936,73.873516,
1641867169.699149,5.658015,7.841827,79.569971,1.133508,88.980311,
1641867169.899654,5.238819,7.449869,94.526405,0.012096,103.278866,
1641867170.099121,7.146472,9.938356,82.327450,0.724452,93.502998,
1641867170.299643,7.205450,9.530707,88.010337,0.006766,98.477100,
1641867170.499136,5.590478,7.951629,66.426684,0.763274,75.593476,
1641867170.699535,6.208814,8.363848,85.850113,0.008994,94.971237,
1641867170.899041,5.646668,7.830055,64.137342,0.971016,73.409730,
1641867171.099037,5.536274,7.791611,67.671926,0.006400,76.321696,
1641867171.299261,6.864807,9.017538,62.270372,1.199700,73.166245,
1641867171.499586,6.317389,8.506722,73.941645,0.005611,83.347468,
1641867171.699211,5.530212,7.627285,64.797679,1.123291,74.257165,
1641867171.899366,5.350105,7.550443,67.892212,0.009865,77.271607,
1641867172.099128,7.012006,9.710961,93.779678,2.037478,106.572816,
1641867172.299684,6.619267,9.316477,105.792792,0.005186,116.087457,
1641867172.499069,5.410769,7.679190,79.353123,0.993709,88.539853,
1641867172.699585,5.530646,7.858002,95.420374,0.009836,104.516043,
1641867172.899202,6.029481,8.344994,77.029810,1.418041,87.324519,
1641867173.098876,5.955498,8.277215,101.748451,0.006568,110.780578,
1641867173.299275,6.243948,8.555964,99.672009,0.788411,109.488675,
1641867173.498883,8.464227,11.426043,124.241529,0.008714,136.585635,
1641867173.699138,6.777538,9.123115,138.352025,0.727074,148.680002,
1641867173.899567,6.015761,8.356602,92.142531,0.007112,101.510336,
1641867174.099264,6.805291,9.200889,145.477932,0.774330,155.886203,
1641867174.299485,6.331729,8.736882,109.010399,0.009199,118.831756,
1641867174.499117,6.501956,8.884636,80.326877,0.744605,90.384313,
1641867174.699354,5.870003,8.183953,110.265134,0.006059,119.472946,
1641867174.999192,6.466730,8.951414,105.673726,0.719691,115.865429,
1641867175.199663,8.039267,10.390502,97.369072,0.012795,108.908750,
1641867175.399338,6.126871,8.464401,69.802766,2.209647,81.999958,
1641867175.599692,6.713110,8.970006,124.554130,0.009621,135.122930,
1641867175.799170,6.455645,8.974483,91.716510,0.769207,101.912162,
1641867175.999219,6.093663,8.274496,100.554283,0.008411,109.948427,
1641867176.199659,6.662510,9.425733,111.567264,0.903565,122.395718,
1641867176.399355,6.190201,8.530327,94.021796,0.008997,104.391191,
1641867176.599161,6.084345,8.531613,84.428238,0.805109,94.165756,
1641867176.799195,7.207285,9.498839,113.678257,0.005931,123.949420,
1641867176.999707,6.130626,8.547491,115.931176,0.827752,125.782636,
1641867177.199206,6.395861,9.075183,116.008563,0.006181,125.961514,
1641867177.399075,7.023468,9.396506,84.288923,0.940601,95.063976,
1641867177.599258,6.002319,8.297236,92.832480,0.006868,102.000676,
1641867177.799267,7.575707,10.325158,136.972052,0.866511,148.699113,
1641867177.999387,6.546573,8.907549,73.256185,0.008217,83.498043,
1641867178.199064,6.588019,8.817443,99.588838,1.107915,110.162425,
1641867178.399434,6.019617,8.310626,101.639112,0.012777,111.670363,
1641867178.599734,5.739603,8.007399,129.014992,0.927801,138.586584,
1641867178.799392,5.890399,8.278054,122.216407,0.012861,131.902399,
1641867178.999481,6.148174,8.542038,104.987622,0.893694,115.023793,
1641867179.199904,7.033674,9.452870,99.141191,0.013153,109.414689,
1641867179.399681,6.082523,8.523207,90.501105,0.730385,100.321326,
1641867179.599996,6.270623,8.629781,123.832821,0.004799,133.316082,
1641867179.799540,6.191682,8.497966,93.907832,1.350158,104.792048,
1641867179.999467,5.989608,8.330170,139.576871,0.012060,149.057161,
1641867180.199759,6.043902,8.460893,145.970042,0.879115,155.730811,
1641867180.499494,7.527040,9.767272,116.277051,1.451819,128.577099,
1641867180.699716,6.301640,8.666841,99.370989,0.005537,109.203216,
1641867180.900244,6.175727,8.622890,118.620353,0.800007,128.584350,
1641867181.099821,7.772571,10.243645,127.538679,0.010218,138.921521,
1641867181.300125,6.255994,8.611934,127.992144,0.870655,138.151641,
1641867181.499636,6.643256,9.079410,105.378301,0.006338,115.512175,
1641867181.700106,7.143565,9.601055,127.105951,0.994207,138.260166,
1641867181.899608,6.788808,9.261387,131.554608,0.006035,141.271654,
1641867182.099407,6.795402,9.246729,150.524348,0.846038,161.060910,
1641867182.299607,6.668516,9.058429,146.353881,0.006069,155.953700,
1641867182.499839,7.636489,10.181347,115.789433,0.692577,127.102143,
1641867182.699575,7.407852,10.232231,122.265500,0.009057,134.159795,
1641867182.999980,6.362579,8.556258,90.174631,0.916198,100.141250,
1641867183.199593,6.633377,9.151950,128.906369,0.008151,138.960389,
1641867183.399898,6.528358,8.919301,104.416566,0.973738,114.738204,
1641867183.599838,6.332389,8.753074,95.582095,0.005130,105.146550,
1641867183.799964,6.818748,9.875161,118.537815,0.770512,129.705284,
1641867183.999510,6.670882,9.522334,72.888384,0.007971,83.777129,
1641867184.199660,6.972804,9.596120,113.200858,1.071344,124.351343,
1641867184.399431,6.711086,9.329256,150.176029,0.005562,160.239032,
1641867184.599582,8.522595,11.047506,145.792456,1.073131,158.396130,
1641867184.799376,6.749647,9.414504,176.841009,0.006291,187.297596,
1641867184.999520,6.852823,9.539108,200.266938,0.841800,211.185318,
1641867185.199936,7.652242,10.362138,128.019987,0.010997,139.555494,
1641867185.399423,7.071779,9.716625,140.135075,0.747960,151.101807,
1641867185.599635,7.015980,9.607039,146.929605,0.011005,157.466696,
1641867185.799408,9.356014,12.608767,183.555341,0.010212,197.147027,
1641867185.999452,7.440760,10.034623,150.045905,0.952427,161.485756,
1641867186.199708,7.056590,9.643439,198.246138,0.010654,209.168524,
1641867186.399542,7.322802,10.072432,135.851537,0.008752,146.565091,
1641867186.599993,6.699483,9.390697,119.889023,0.007977,131.709976,
1641867186.799361,7.284796,10.012685,128.184751,1.003421,139.723551,
1641867186.999261,6.638003,9.198254,106.555881,0.015626,118.030617,
1641867187.199458,8.401112,11.452313,135.861737,0.006142,148.564916,
1641867187.399880,6.430556,9.033105,118.002558,0.005686,127.494285,
1641867187.599478,6.338812,8.783233,93.948755,0.006532,103.271151,
1641867187.799845,9.618743,12.661581,97.851082,0.006637,111.526202,
1641867187.999458,7.803389,10.265385,140.426957,0.007552,151.879536,
1641867188.299970,6.232510,8.938819,123.752222,0.008105,133.263735,
1641867188.499329,6.886237,9.388717,126.534064,0.007079,137.192876,
